0,0,0,6.16521e-15,0,1.65731e-16
1.25e-12,0,1.25e-12,-2.71658e-15,1.25e-12,-7.30263e-17
2.5e-12,0,2.5e-12,-2.76862e-15,2.5e-12,-7.44252e-17
5e-12,0,5e-12,-6.91981e-15,5e-12,-1.86016e-16
1e-11,0,1e-11,-5.08621e-15,1e-11,-1.36726e-16
2e-11,0,2e-11,-1.33921e-14,2e-11,-3.60002e-16
4e-11,0,4e-11,1.76369e-14,4e-11,4.74111e-16
8e-11,0,8e-11,1.4814e-13,8e-11,3.98226e-15
1.6e-10,0,1.6e-10,2.54199e-13,1.6e-10,6.83332e-15
3.2e-10,0,3.2e-10,6.18949e-14,3.2e-10,1.66384e-15
6.4e-10,0,6.4e-10,-1.03424e-13,6.4e-10,-2.78022e-15
1.248e-09,0,1.248e-09,9.85323e-16,1.248e-09,2.64872e-17
2.248e-09,0,2.248e-09,4.65739e-14,2.248e-09,1.25199e-15
3.248e-09,0,3.248e-09,1.66533e-14,3.248e-09,4.47671e-16
4.248e-09,0,4.248e-09,3.36814e-14,4.248e-09,9.05414e-16
5.248e-09,0,5.248e-09,2.36478e-14,5.248e-09,6.35692e-16
6.248e-09,0,6.248e-09,1.01447e-14,6.248e-09,2.72706e-16
7.248e-09,0,7.248e-09,9.13158e-15,7.248e-09,2.45473e-16
8.248e-09,0,8.248e-09,6.38378e-16,8.248e-09,1.71607e-17
9.248e-09,0,9.248e-09,1.72085e-15,9.248e-09,4.62593e-17
1e-08,0,1e-08,1.73472e-14,1e-08,4.66324e-16
1.00157e-08,0.00783984,1.00157e-08,9.88648e-06,1.00157e-08,2.65766e-07
1.0047e-08,0.0235195,1.0047e-08,4.42894e-05,1.0047e-08,1.19057e-06
1.01098e-08,0.0548789,1.01098e-08,0.000175407,1.01098e-08,4.71525e-06
1.02352e-08,0.117598,1.02352e-08,0.00056834,1.02352e-08,1.5278e-05
1.04861e-08,0.243035,1.04861e-08,0.00167586,1.04861e-08,4.50499e-05
1.09878e-08,0.49391,1.09878e-08,0.00472589,1.09878e-08,0.00012704
1.19378e-08,0.96891,1.19378e-08,0.0116483,1.19378e-08,0.000313127
1.26305e-08,1.31527,1.26305e-08,0.0191298,1.26305e-08,0.000514242
1.33681e-08,1.68407,1.33681e-08,0.0282256,1.33681e-08,0.000758753
1.43681e-08,2.18407,1.43681e-08,0.0401429,1.43681e-08,0.00107911
1.53681e-08,2.68407,1.53681e-08,0.0521506,1.53681e-08,0.0014019
1.63681e-08,3.18407,1.63681e-08,0.0645417,1.63681e-08,0.00173499
1.73681e-08,3.68407,1.73681e-08,0.0783197,1.73681e-08,0.00210537
1.83681e-08,4.18407,1.83681e-08,0.0961815,1.83681e-08,0.00258553
1.93681e-08,4.68407,1.93681e-08,0.122355,1.93681e-08,0.0032891
2e-08,5,2e-08,0.143404,2e-08,0.00385494
2.01e-08,5,2.01e-08,0.146534,2.01e-08,0.00393909
2.03e-08,5,2.03e-08,0.152486,2.03e-08,0.00409908
2.07e-08,5,2.07e-08,0.16364,2.07e-08,0.00439893
2.15e-08,5,2.15e-08,0.184079,2.15e-08,0.00494835
2.25e-08,5,2.25e-08,0.204207,2.25e-08,0.00548943
2.35e-08,5,2.35e-08,0.218538,2.35e-08,0.00587466
2.45e-08,5,2.45e-08,0.228282,2.45e-08,0.00613662
2.55e-08,5,2.55e-08,0.234284,2.55e-08,0.00629794
2.65e-08,5,2.65e-08,0.237025,2.65e-08,0.00637164
2.75e-08,5,2.75e-08,0.237093,2.75e-08,0.00637348
2.85e-08,5,2.85e-08,0.235074,2.85e-08,0.00631919
2.95e-08,5,2.95e-08,0.231597,2.95e-08,0.00622573
3.05e-08,5,3.05e-08,0.227236,3.05e-08,0.00610851
3.15e-08,5,3.15e-08,0.222493,3.15e-08,0.00598099
3.25e-08,5,3.25e-08,0.217768,3.25e-08,0.00585398
3.35e-08,5,3.35e-08,0.213362,3.35e-08,0.00573552
3.45e-08,5,3.45e-08,0.209484,3.45e-08,0.00563128
3.55e-08,5,3.55e-08,0.206258,3.55e-08,0.00554456
3.65e-08,5,3.65e-08,0.203743,3.65e-08,0.00547696
3.75e-08,5,3.75e-08,0.201937,3.75e-08,0.00542841
3.85e-08,5,3.85e-08,0.200802,3.85e-08,0.00539791
3.95e-08,5,3.95e-08,0.200263,3.95e-08,0.00538343
4.05e-08,5,4.05e-08,0.200237,4.05e-08,0.00538271
4.15e-08,5,4.15e-08,0.200621,4.15e-08,0.00539304
4.25e-08,5,4.25e-08,0.201321,4.25e-08,0.00541185
4.35e-08,5,4.35e-08,0.202239,4.35e-08,0.00543654
4.45e-08,5,4.45e-08,0.203296,4.45e-08,0.00546495
4.55e-08,5,4.55e-08,0.204417,4.55e-08,0.00549507
4.65e-08,5,4.65e-08,0.205548,4.65e-08,0.00552548
4.75e-08,5,4.75e-08,0.206645,4.75e-08,0.00555496
4.85e-08,5,4.85e-08,0.207683,4.85e-08,0.00558288
4.95e-08,5,4.95e-08,0.208647,4.95e-08,0.0056088
5.05e-08,5,5.05e-08,0.209538,5.05e-08,0.00563275
5.15e-08,5,5.15e-08,0.210361,5.15e-08,0.00565488
5.25e-08,5,5.25e-08,0.211127,5.25e-08,0.00567545
5.35e-08,5,5.35e-08,0.211845,5.35e-08,0.00569476
5.45e-08,5,5.45e-08,0.212554,5.45e-08,0.00571381
5.55e-08,5,5.55e-08,0.213342,5.55e-08,0.005735
5.65e-08,5,5.65e-08,0.214469,5.65e-08,0.00576528
5.75e-08,5,5.75e-08,0.216634,5.75e-08,0.00582351
5.85e-08,5,5.85e-08,0.221478,5.85e-08,0.00595371
5.95e-08,5,5.95e-08,0.231533,5.95e-08,0.00622402
6.05e-08,5,6.05e-08,0.248291,6.05e-08,0.00667448
6.15e-08,5,6.15e-08,0.270524,6.15e-08,0.00727216
6.25e-08,5,6.25e-08,0.296025,6.25e-08,0.00795766
6.35e-08,5,6.35e-08,0.323414,6.35e-08,0.00869394
6.45e-08,5,6.45e-08,0.35207,6.45e-08,0.00946424
6.55e-08,5,6.55e-08,0.381712,6.55e-08,0.0102611
6.65e-08,5,6.65e-08,0.412166,6.65e-08,0.0110797
6.75e-08,5,6.75e-08,0.443273,6.75e-08,0.0119159
6.85e-08,5,6.85e-08,0.474862,6.85e-08,0.0127651
6.95e-08,5,6.95e-08,0.506775,6.95e-08,0.013623
7.05e-08,5,7.05e-08,0.538836,7.05e-08,0.0144848
7.15e-08,5,7.15e-08,0.570891,7.15e-08,0.0153465
7.25e-08,5,7.25e-08,0.602824,7.25e-08,0.0162049
7.35e-08,5,7.35e-08,0.63453,7.35e-08,0.0170573
7.45e-08,5,7.45e-08,0.665945,7.45e-08,0.0179017
7.55e-08,5,7.55e-08,0.697021,7.55e-08,0.0187371
7.65e-08,5,7.65e-08,0.727744,7.65e-08,0.019563
7.75e-08,5,7.75e-08,0.758113,7.75e-08,0.0203794
7.85e-08,5,7.85e-08,0.788151,7.85e-08,0.0211869
7.95e-08,5,7.95e-08,0.817889,7.95e-08,0.0219863
8.05e-08,5,8.05e-08,0.84737,8.05e-08,0.0227788
8.15e-08,5,8.15e-08,0.876642,8.15e-08,0.0235656
8.25e-08,5,8.25e-08,0.905756,8.25e-08,0.0243483
8.35e-08,5,8.35e-08,0.934759,8.35e-08,0.0251279
8.45e-08,5,8.45e-08,0.963699,8.45e-08,0.0259059
8.55e-08,5,8.55e-08,0.992618,8.55e-08,0.0266833
8.65e-08,5,8.65e-08,1.02155,8.65e-08,0.0274611
8.75e-08,5,8.75e-08,1.05053,8.75e-08,0.02824
8.85e-08,5,8.85e-08,1.07957,8.85e-08,0.0290207
8.95e-08,5,8.95e-08,1.1087,8.95e-08,0.0298037
9.05e-08,5,9.05e-08,1.13791,9.05e-08,0.0305891
9.15e-08,5,9.15e-08,1.16723,9.15e-08,0.0313771
9.25e-08,5,9.25e-08,1.19664,9.25e-08,0.0321677
9.35e-08,5,9.35e-08,1.22614,9.35e-08,0.0329607
9.45e-08,5,9.45e-08,1.25572,9.45e-08,0.033756
9.55e-08,5,9.55e-08,1.28538,9.55e-08,0.0345532
9.65e-08,5,9.65e-08,1.3151,9.65e-08,0.0353521
9.75e-08,5,9.75e-08,1.34487,9.75e-08,0.0361524
9.85e-08,5,9.85e-08,1.37468,9.85e-08,0.0369538
9.95e-08,5,9.95e-08,1.40452,9.95e-08,0.0377559
1.005e-07,5,1.005e-07,1.43438,1.005e-07,0.0385585
1.015e-07,5,1.015e-07,1.46424,1.015e-07,0.0393613
1.0245e-07,5,1.0245e-07,1.49262,1.0245e-07,0.0401241
1.0345e-07,5,1.0345e-07,1.52248,1.0345e-07,0.0409269
1.0445e-07,5,1.0445e-07,1.55234,1.0445e-07,0.0417296
1.0545e-07,5,1.0545e-07,1.58219,1.0545e-07,0.0425319
1.0645e-07,5,1.0645e-07,1.61202,1.0645e-07,0.0433339
1.0745e-07,5,1.0745e-07,1.64184,1.0745e-07,0.0441356
1.0845e-07,5,1.0845e-07,1.67165,1.0845e-07,0.0449369
1.0945e-07,5,1.0945e-07,1.70145,1.0945e-07,0.0457379
1.1045e-07,5,1.1045e-07,1.73124,1.1045e-07,0.0465386
1.1145e-07,5,1.1145e-07,1.76101,1.1145e-07,0.0473391
1.1245e-07,5,1.1245e-07,1.79079,1.1245e-07,0.0481394
1.1345e-07,5,1.1345e-07,1.82056,1.1345e-07,0.0489397
1.1445e-07,5,1.1445e-07,1.85032,1.1445e-07,0.0497398
1.1545e-07,5,1.1545e-07,1.88009,1.1545e-07,0.05054
1.1645e-07,5,1.1645e-07,1.90986,1.1645e-07,0.0513402
1.1745e-07,5,1.1745e-07,1.93963,1.1745e-07,0.0521405
1.1845e-07,5,1.1845e-07,1.9694,1.1845e-07,0.052941
1.1945e-07,5,1.1945e-07,1.99918,1.1945e-07,0.0537415
1.2045e-07,5,1.2045e-07,2.02897,1.2045e-07,0.0545422
1.2145e-07,5,1.2145e-07,2.05876,1.2145e-07,0.055343
1.2245e-07,5,1.2245e-07,2.08856,1.2245e-07,0.056144
1.2345e-07,5,1.2345e-07,2.11836,1.2345e-07,0.0569451
1.2445e-07,5,1.2445e-07,2.14816,1.2445e-07,0.0577463
1.2545e-07,5,1.2545e-07,2.17797,1.2545e-07,0.0585477
1.2645e-07,5,1.2645e-07,2.20779,1.2645e-07,0.0593491
1.2745e-07,5,1.2745e-07,2.2376,1.2745e-07,0.0601507
1.2845e-07,5,1.2845e-07,2.26742,1.2845e-07,0.0609523
1.2945e-07,5,1.2945e-07,2.29724,1.2945e-07,0.0617539
1.3045e-07,5,1.3045e-07,2.32707,1.3045e-07,0.0625555
1.3145e-07,5,1.3145e-07,2.35689,1.3145e-07,0.0633572
1.3245e-07,5,1.3245e-07,2.38671,1.3245e-07,0.0641589
1.3345e-07,5,1.3345e-07,2.41653,1.3345e-07,0.0649605
1.3445e-07,5,1.3445e-07,2.44635,1.3445e-07,0.0657622
1.3545e-07,5,1.3545e-07,2.47617,1.3545e-07,0.0665638
1.3645e-07,5,1.3645e-07,2.50599,1.3645e-07,0.0673654
1.3745e-07,5,1.3745e-07,2.53581,1.3745e-07,0.0681669
1.3845e-07,5,1.3845e-07,2.56563,1.3845e-07,0.0689685
1.3945e-07,5,1.3945e-07,2.59544,1.3945e-07,0.0697699
1.4045e-07,5,1.4045e-07,2.62525,1.4045e-07,0.0705714
1.4145e-07,5,1.4145e-07,2.65507,1.4145e-07,0.0713728
1.4245e-07,5,1.4245e-07,2.68488,1.4245e-07,0.0721741
1.4345e-07,5,1.4345e-07,2.71469,1.4345e-07,0.0729754
1.4445e-07,5,1.4445e-07,2.74449,1.4445e-07,0.0737767
1.4545e-07,5,1.4545e-07,2.7743,1.4545e-07,0.074578
1.4645e-07,5,1.4645e-07,2.8041,1.4645e-07,0.0753792
1.4745e-07,5,1.4745e-07,2.83391,1.4745e-07,0.0761803
1.4845e-07,5,1.4845e-07,2.86371,1.4845e-07,0.0769814
1.4945e-07,5,1.4945e-07,2.89351,1.4945e-07,0.0777825
1.5045e-07,5,1.5045e-07,2.92331,1.5045e-07,0.0785836
1.5145e-07,5,1.5145e-07,2.95311,1.5145e-07,0.0793846
1.5245e-07,5,1.5245e-07,2.9829,1.5245e-07,0.0801855
1.5345e-07,5,1.5345e-07,3.01269,1.5345e-07,0.0809864
1.5445e-07,5,1.5445e-07,3.04249,1.5445e-07,0.0817872
1.5545e-07,5,1.5545e-07,3.07227,1.5545e-07,0.082588
1.5645e-07,5,1.5645e-07,3.10206,1.5645e-07,0.0833888
1.5745e-07,5,1.5745e-07,3.13185,1.5745e-07,0.0841894
1.5845e-07,5,1.5845e-07,3.16163,1.5845e-07,0.08499
1.5945e-07,5,1.5945e-07,3.19141,1.5945e-07,0.0857906
1.6045e-07,5,1.6045e-07,3.22119,1.6045e-07,0.086591
1.6145e-07,5,1.6145e-07,3.25096,1.6145e-07,0.0873914
1.6245e-07,5,1.6245e-07,3.28073,1.6245e-07,0.0881917
1.6345e-07,5,1.6345e-07,3.3105,1.6345e-07,0.088992
1.6445e-07,5,1.6445e-07,3.34027,1.6445e-07,0.0897921
1.6545e-07,5,1.6545e-07,3.37003,1.6545e-07,0.0905922
1.6645e-07,5,1.6645e-07,3.39979,1.6645e-07,0.0913922
1.6745e-07,5,1.6745e-07,3.42954,1.6745e-07,0.0921921
1.6845e-07,5,1.6845e-07,3.4593,1.6845e-07,0.0929919
1.6945e-07,5,1.6945e-07,3.48905,1.6945e-07,0.0937916
1.7045e-07,5,1.7045e-07,3.51879,1.7045e-07,0.0945912
1.7145e-07,5,1.7145e-07,3.54853,1.7145e-07,0.0953907
1.7245e-07,5,1.7245e-07,3.57827,1.7245e-07,0.0961901
1.7345e-07,5,1.7345e-07,3.60801,1.7345e-07,0.0969894
1.7445e-07,5,1.7445e-07,3.63774,1.7445e-07,0.0977886
1.7545e-07,5,1.7545e-07,3.66746,1.7545e-07,0.0985877
1.7645e-07,5,1.7645e-07,3.69718,1.7645e-07,0.0993866
1.7745e-07,5,1.7745e-07,3.7269,1.7745e-07,0.100185
1.7845e-07,5,1.7845e-07,3.75661,1.7845e-07,0.100984
1.7945e-07,5,1.7945e-07,3.78632,1.7945e-07,0.101783
1.8045e-07,5,1.8045e-07,3.81602,1.8045e-07,0.102581
1.8145e-07,5,1.8145e-07,3.84572,1.8145e-07,0.10338
1.8245e-07,5,1.8245e-07,3.87542,1.8245e-07,0.104178
1.8345e-07,5,1.8345e-07,3.90511,1.8345e-07,0.104976
1.8445e-07,5,1.8445e-07,3.93479,1.8445e-07,0.105774
1.8545e-07,5,1.8545e-07,3.96447,1.8545e-07,0.106572
1.8645e-07,5,1.8645e-07,3.99414,1.8645e-07,0.107369
1.8745e-07,5,1.8745e-07,4.02381,1.8745e-07,0.108167
1.8845e-07,5,1.8845e-07,4.05347,1.8845e-07,0.108964
1.8945e-07,5,1.8945e-07,4.08313,1.8945e-07,0.109761
1.9045e-07,5,1.9045e-07,4.11278,1.9045e-07,0.110558
1.9145e-07,5,1.9145e-07,4.14242,1.9145e-07,0.111355
1.9245e-07,5,1.9245e-07,4.17206,1.9245e-07,0.112152
1.9345e-07,5,1.9345e-07,4.20169,1.9345e-07,0.112949
1.9445e-07,5,1.9445e-07,4.23131,1.9445e-07,0.113745
1.9545e-07,5,1.9545e-07,4.26093,1.9545e-07,0.114541
1.9645e-07,5,1.9645e-07,4.29054,1.9645e-07,0.115337
1.9745e-07,5,1.9745e-07,4.32014,1.9745e-07,0.116133
1.9845e-07,5,1.9845e-07,4.34973,1.9845e-07,0.116928
1.9945e-07,5,1.9945e-07,4.37932,1.9945e-07,0.117724
2.0045e-07,5,2.0045e-07,4.4089,2.0045e-07,0.118519
2.0145e-07,5,2.0145e-07,4.43847,2.0145e-07,0.119314
2.0245e-07,5,2.0245e-07,4.46803,2.0245e-07,0.120108
2.0345e-07,5,2.0345e-07,4.49758,2.0345e-07,0.120903
2.0445e-07,5,2.0445e-07,4.52713,2.0445e-07,0.121697
2.0545e-07,5,2.0545e-07,4.55666,2.0545e-07,0.122491
2.0645e-07,5,2.0645e-07,4.58619,2.0645e-07,0.123285
2.0745e-07,5,2.0745e-07,4.6157,2.0745e-07,0.124078
2.0845e-07,5,2.0845e-07,4.6452,2.0845e-07,0.124871
2.0945e-07,5,2.0945e-07,4.67469,2.0945e-07,0.125664
2.1045e-07,5,2.1045e-07,4.70417,2.1045e-07,0.126456
2.1145e-07,5,2.1145e-07,4.73364,2.1145e-07,0.127248
2.1245e-07,5,2.1245e-07,4.7631,2.1245e-07,0.12804
2.1345e-07,5,2.1345e-07,4.79254,2.1345e-07,0.128832
2.1445e-07,5,2.1445e-07,4.82197,2.1445e-07,0.129623
2.1545e-07,5,2.1545e-07,4.85138,2.1545e-07,0.130413
2.1645e-07,5,2.1645e-07,4.88078,2.1645e-07,0.131204
2.1745e-07,5,2.1745e-07,4.91016,2.1745e-07,0.131994
2.1845e-07,5,2.1845e-07,4.93952,2.1845e-07,0.132783
2.1945e-07,5,2.1945e-07,4.96887,2.1945e-07,0.133572
2.2045e-07,5,2.2045e-07,4.99819,2.2045e-07,0.13436
2.2145e-07,5,2.2145e-07,5.0275,2.2145e-07,0.135148
2.2245e-07,5,2.2245e-07,5.05678,2.2245e-07,0.135935
2.2345e-07,5,2.2345e-07,5.08604,2.2345e-07,0.136722
2.2445e-07,5,2.2445e-07,5.11527,2.2445e-07,0.137507
2.2545e-07,5,2.2545e-07,5.14448,2.2545e-07,0.138292
2.2645e-07,5,2.2645e-07,5.17365,2.2645e-07,0.139077
2.2745e-07,5,2.2745e-07,5.20278,2.2745e-07,0.13986
2.2845e-07,5,2.2845e-07,5.23188,2.2845e-07,0.140642
2.2945e-07,5,2.2945e-07,5.26093,2.2945e-07,0.141423
2.3045e-07,5,2.3045e-07,5.28994,2.3045e-07,0.142203
2.3145e-07,5,2.3145e-07,5.31889,2.3145e-07,0.142981
2.3245e-07,5,2.3245e-07,5.34777,2.3245e-07,0.143757
2.3345e-07,5,2.3345e-07,5.37657,2.3345e-07,0.144531
2.3445e-07,5,2.3445e-07,5.40528,2.3445e-07,0.145303
2.3545e-07,5,2.3545e-07,5.43389,2.3545e-07,0.146072
2.3645e-07,5,2.3645e-07,5.46237,2.3645e-07,0.146838
2.3745e-07,5,2.3745e-07,5.4907,2.3745e-07,0.1476
2.3845e-07,5,2.3845e-07,5.51888,2.3845e-07,0.148357
2.3945e-07,5,2.3945e-07,5.54687,2.3945e-07,0.149109
2.4045e-07,5,2.4045e-07,5.57466,2.4045e-07,0.149857
2.4145e-07,5,2.4145e-07,5.60225,2.4145e-07,0.150598
2.4245e-07,5,2.4245e-07,5.62962,2.4245e-07,0.151334
2.4345e-07,5,2.4345e-07,5.65675,2.4345e-07,0.152063
2.4445e-07,5,2.4445e-07,5.68366,2.4445e-07,0.152786
2.4545e-07,5,2.4545e-07,5.71032,2.4545e-07,0.153503
2.4645e-07,5,2.4645e-07,5.73674,2.4645e-07,0.154213
2.4745e-07,5,2.4745e-07,5.76291,2.4745e-07,0.154917
2.4845e-07,5,2.4845e-07,5.78883,2.4845e-07,0.155614
2.4945e-07,5,2.4945e-07,5.81451,2.4945e-07,0.156304
2.5045e-07,5,2.5045e-07,5.83993,2.5045e-07,0.156987
2.5145e-07,5,2.5145e-07,5.8651,2.5145e-07,0.157664
2.5245e-07,5,2.5245e-07,5.89,2.5245e-07,0.158333
2.5345e-07,5,2.5345e-07,5.91463,2.5345e-07,0.158995
2.5445e-07,5,2.5445e-07,5.93894,2.5445e-07,0.159649
2.5545e-07,5,2.5545e-07,5.96261,2.5545e-07,0.160285
2.5645e-07,5,2.5645e-07,5.98479,2.5645e-07,0.160881
2.5745e-07,5,2.5745e-07,6.00448,2.5745e-07,0.161411
2.5845e-07,5,2.5845e-07,6.021,2.5845e-07,0.161855
2.5945e-07,5,2.5945e-07,6.03402,2.5945e-07,0.162205
2.6045e-07,5,2.6045e-07,6.04344,2.6045e-07,0.162458
2.6145e-07,5,2.6145e-07,6.0494,2.6145e-07,0.162618
2.6245e-07,5,2.6245e-07,6.05216,2.6245e-07,0.162693
2.6345e-07,5,2.6345e-07,6.05213,2.6345e-07,0.162692
2.6445e-07,5,2.6445e-07,6.04974,2.6445e-07,0.162627
2.6545e-07,5,2.6545e-07,6.04548,2.6545e-07,0.162513
2.6645e-07,5,2.6645e-07,6.03986,2.6645e-07,0.162362
2.6745e-07,5,2.6745e-07,6.03333,2.6745e-07,0.162186
2.6845e-07,5,2.6845e-07,6.02634,2.6845e-07,0.161998
2.6945e-07,5,2.6945e-07,6.01928,2.6945e-07,0.161808
2.7045e-07,5,2.7045e-07,6.01246,2.7045e-07,0.161625
2.7145e-07,5,2.7145e-07,6.00617,2.7145e-07,0.161456
2.7245e-07,5,2.7245e-07,6.00059,2.7245e-07,0.161306
2.7345e-07,5,2.7345e-07,5.99586,2.7345e-07,0.161179
2.7445e-07,5,2.7445e-07,5.99205,2.7445e-07,0.161077
2.7545e-07,5,2.7545e-07,5.98919,2.7545e-07,0.161
2.7645e-07,5,2.7645e-07,5.98725,2.7645e-07,0.160948
2.7745e-07,5,2.7745e-07,5.98617,2.7745e-07,0.160918
2.7845e-07,5,2.7845e-07,5.98585,2.7845e-07,0.16091
2.7945e-07,5,2.7945e-07,5.98619,2.7945e-07,0.160919
2.8045e-07,5,2.8045e-07,5.98707,2.8045e-07,0.160943
2.8145e-07,5,2.8145e-07,5.98836,2.8145e-07,0.160977
2.8245e-07,5,2.8245e-07,5.98993,2.8245e-07,0.16102
2.8345e-07,5,2.8345e-07,5.99168,2.8345e-07,0.161067
2.8445e-07,5,2.8445e-07,5.99349,2.8445e-07,0.161115
2.8545e-07,5,2.8545e-07,5.99527,2.8545e-07,0.161163
2.8645e-07,5,2.8645e-07,5.99694,2.8645e-07,0.161208
2.8745e-07,5,2.8745e-07,5.99846,2.8745e-07,0.161249
2.8845e-07,5,2.8845e-07,5.99977,2.8845e-07,0.161284
2.8945e-07,5,2.8945e-07,6.00086,2.8945e-07,0.161313
2.9045e-07,5,2.9045e-07,6.0017,2.9045e-07,0.161336
2.9145e-07,5,2.9145e-07,6.0023,2.9145e-07,0.161352
2.9245e-07,5,2.9245e-07,6.00267,2.9245e-07,0.161362
2.9345e-07,5,2.9345e-07,6.00284,2.9345e-07,0.161367
2.9445e-07,5,2.9445e-07,6.00283,2.9445e-07,0.161366
2.9545e-07,5,2.9545e-07,6.00266,2.9545e-07,0.161362
2.9645e-07,5,2.9645e-07,6.00237,2.9645e-07,0.161354
2.9745e-07,5,2.9745e-07,6.002,2.9745e-07,0.161344
2.9845e-07,5,2.9845e-07,6.00157,2.9845e-07,0.161332
2.9945e-07,5,2.9945e-07,6.00111,2.9945e-07,0.16132
3.0045e-07,5,3.0045e-07,6.00064,3.0045e-07,0.161308
3.0145e-07,5,3.0145e-07,6.0002,3.0145e-07,0.161296
3.0245e-07,5,3.0245e-07,5.99979,3.0245e-07,0.161285
3.0345e-07,5,3.0345e-07,5.99943,3.0345e-07,0.161275
3.0445e-07,5,3.0445e-07,5.99912,3.0445e-07,0.161267
3.0545e-07,5,3.0545e-07,5.99888,3.0545e-07,0.16126
3.0645e-07,5,3.0645e-07,5.9987,3.0645e-07,0.161255
3.0745e-07,5,3.0745e-07,5.99858,3.0745e-07,0.161252
3.0845e-07,5,3.0845e-07,5.99851,3.0845e-07,0.16125
3.0945e-07,5,3.0945e-07,5.9985,3.0945e-07,0.16125
3.1045e-07,5,3.1045e-07,5.99852,3.1045e-07,0.161251
3.1145e-07,5,3.1145e-07,5.99858,3.1145e-07,0.161252
3.1245e-07,5,3.1245e-07,5.99867,3.1245e-07,0.161255
3.1345e-07,5,3.1345e-07,5.99878,3.1345e-07,0.161257
3.1445e-07,5,3.1445e-07,5.99889,3.1445e-07,0.161261
3.1545e-07,5,3.1545e-07,5.99901,3.1545e-07,0.161264
3.1645e-07,5,3.1645e-07,5.99913,3.1645e-07,0.161267
3.1745e-07,5,3.1745e-07,5.99924,3.1745e-07,0.16127
3.1845e-07,5,3.1845e-07,5.99934,3.1845e-07,0.161272
3.1945e-07,5,3.1945e-07,5.99942,3.1945e-07,0.161275
3.2045e-07,5,3.2045e-07,5.99949,3.2045e-07,0.161277
3.2145e-07,5,3.2145e-07,5.99954,3.2145e-07,0.161278
3.2245e-07,5,3.2245e-07,5.99958,3.2245e-07,0.161279
3.2345e-07,5,3.2345e-07,5.99961,3.2345e-07,0.16128
3.2445e-07,5,3.2445e-07,5.99961,3.2445e-07,0.16128
3.2545e-07,5,3.2545e-07,5.99961,3.2545e-07,0.16128
3.2645e-07,5,3.2645e-07,5.9996,3.2645e-07,0.16128
3.2745e-07,5,3.2745e-07,5.99958,3.2745e-07,0.161279
3.2845e-07,5,3.2845e-07,5.99956,3.2845e-07,0.161278
3.2945e-07,5,3.2945e-07,5.99953,3.2945e-07,0.161278
3.3045e-07,5,3.3045e-07,5.9995,3.3045e-07,0.161277
3.3145e-07,5,3.3145e-07,5.99947,3.3145e-07,0.161276
3.3245e-07,5,3.3245e-07,5.99944,3.3245e-07,0.161275
3.3345e-07,5,3.3345e-07,5.99941,3.3345e-07,0.161274
3.3445e-07,5,3.3445e-07,5.99939,3.3445e-07,0.161274
3.3545e-07,5,3.3545e-07,5.99937,3.3545e-07,0.161273
3.3645e-07,5,3.3645e-07,5.99935,3.3645e-07,0.161273
3.3745e-07,5,3.3745e-07,5.99934,3.3745e-07,0.161273
3.3845e-07,5,3.3845e-07,5.99933,3.3845e-07,0.161272
3.3945e-07,5,3.3945e-07,5.99933,3.3945e-07,0.161272
3.4045e-07,5,3.4045e-07,5.99933,3.4045e-07,0.161272
3.4145e-07,5,3.4145e-07,5.99933,3.4145e-07,0.161272
3.4245e-07,5,3.4245e-07,5.99933,3.4245e-07,0.161272
3.4345e-07,5,3.4345e-07,5.99934,3.4345e-07,0.161273
3.4445e-07,5,3.4445e-07,5.99935,3.4445e-07,0.161273
3.4545e-07,5,3.4545e-07,5.99935,3.4545e-07,0.161273
3.4645e-07,5,3.4645e-07,5.99936,3.4645e-07,0.161273
3.4745e-07,5,3.4745e-07,5.99937,3.4745e-07,0.161273
3.4845e-07,5,3.4845e-07,5.99938,3.4845e-07,0.161274
3.4945e-07,5,3.4945e-07,5.99938,3.4945e-07,0.161274
3.5045e-07,5,3.5045e-07,5.99939,3.5045e-07,0.161274
3.5145e-07,5,3.5145e-07,5.99939,3.5145e-07,0.161274
3.5245e-07,5,3.5245e-07,5.9994,3.5245e-07,0.161274
3.5345e-07,5,3.5345e-07,5.9994,3.5345e-07,0.161274
3.5445e-07,5,3.5445e-07,5.9994,3.5445e-07,0.161274
3.5545e-07,5,3.5545e-07,5.9994,3.5545e-07,0.161274
3.5645e-07,5,3.5645e-07,5.9994,3.5645e-07,0.161274
3.5745e-07,5,3.5745e-07,5.9994,3.5745e-07,0.161274
3.5845e-07,5,3.5845e-07,5.9994,3.5845e-07,0.161274
3.5945e-07,5,3.5945e-07,5.9994,3.5945e-07,0.161274
3.6045e-07,5,3.6045e-07,5.9994,3.6045e-07,0.161274
3.6145e-07,5,3.6145e-07,5.99939,3.6145e-07,0.161274
3.6245e-07,5,3.6245e-07,5.99939,3.6245e-07,0.161274
3.6345e-07,5,3.6345e-07,5.99939,3.6345e-07,0.161274
3.6445e-07,5,3.6445e-07,5.99939,3.6445e-07,0.161274
3.6545e-07,5,3.6545e-07,5.99939,3.6545e-07,0.161274
3.6645e-07,5,3.6645e-07,5.99938,3.6645e-07,0.161274
3.6745e-07,5,3.6745e-07,5.99938,3.6745e-07,0.161274
3.6845e-07,5,3.6845e-07,5.99938,3.6845e-07,0.161274
3.6945e-07,5,3.6945e-07,5.99938,3.6945e-07,0.161274
3.7045e-07,5,3.7045e-07,5.99938,3.7045e-07,0.161274
3.7145e-07,5,3.7145e-07,5.99938,3.7145e-07,0.161274
3.7245e-07,5,3.7245e-07,5.99938,3.7245e-07,0.161274
3.7345e-07,5,3.7345e-07,5.99938,3.7345e-07,0.161274
3.7445e-07,5,3.7445e-07,5.99938,3.7445e-07,0.161274
3.7545e-07,5,3.7545e-07,5.99938,3.7545e-07,0.161274
3.7645e-07,5,3.7645e-07,5.99938,3.7645e-07,0.161274
3.7745e-07,5,3.7745e-07,5.99938,3.7745e-07,0.161274
3.7845e-07,5,3.7845e-07,5.99939,3.7845e-07,0.161274
3.7945e-07,5,3.7945e-07,5.99939,3.7945e-07,0.161274
3.8045e-07,5,3.8045e-07,5.99939,3.8045e-07,0.161274
3.8145e-07,5,3.8145e-07,5.99939,3.8145e-07,0.161274
3.8245e-07,5,3.8245e-07,5.99939,3.8245e-07,0.161274
3.8345e-07,5,3.8345e-07,5.99939,3.8345e-07,0.161274
3.8445e-07,5,3.8445e-07,5.99939,3.8445e-07,0.161274
3.8545e-07,5,3.8545e-07,5.99939,3.8545e-07,0.161274
3.8645e-07,5,3.8645e-07,5.99939,3.8645e-07,0.161274
3.8745e-07,5,3.8745e-07,5.99939,3.8745e-07,0.161274
3.8845e-07,5,3.8845e-07,5.99939,3.8845e-07,0.161274
3.8945e-07,5,3.8945e-07,5.99939,3.8945e-07,0.161274
3.9045e-07,5,3.9045e-07,5.99939,3.9045e-07,0.161274
3.9145e-07,5,3.9145e-07,5.99939,3.9145e-07,0.161274
3.9245e-07,5,3.9245e-07,5.99939,3.9245e-07,0.161274
3.9345e-07,5,3.9345e-07,5.99939,3.9345e-07,0.161274
3.9445e-07,5,3.9445e-07,5.99939,3.9445e-07,0.161274
3.9545e-07,5,3.9545e-07,5.99939,3.9545e-07,0.161274
3.9645e-07,5,3.9645e-07,5.99939,3.9645e-07,0.161274
3.9745e-07,5,3.9745e-07,5.99939,3.9745e-07,0.161274
3.9845e-07,5,3.9845e-07,5.99939,3.9845e-07,0.161274
3.9945e-07,5,3.9945e-07,5.99939,3.9945e-07,0.161274
4.0045e-07,5,4.0045e-07,5.99939,4.0045e-07,0.161274
4.0145e-07,5,4.0145e-07,5.99939,4.0145e-07,0.161274
4.0245e-07,5,4.0245e-07,5.99939,4.0245e-07,0.161274
4.0345e-07,5,4.0345e-07,5.99939,4.0345e-07,0.161274
4.0445e-07,5,4.0445e-07,5.99939,4.0445e-07,0.161274
4.0545e-07,5,4.0545e-07,5.99939,4.0545e-07,0.161274
4.0645e-07,5,4.0645e-07,5.99939,4.0645e-07,0.161274
4.0745e-07,5,4.0745e-07,5.99939,4.0745e-07,0.161274
4.0845e-07,5,4.0845e-07,5.99939,4.0845e-07,0.161274
4.0945e-07,5,4.0945e-07,5.99939,4.0945e-07,0.161274
4.1045e-07,5,4.1045e-07,5.99939,4.1045e-07,0.161274
4.1145e-07,5,4.1145e-07,5.99939,4.1145e-07,0.161274
4.1245e-07,5,4.1245e-07,5.99939,4.1245e-07,0.161274
4.1345e-07,5,4.1345e-07,5.99939,4.1345e-07,0.161274
4.1445e-07,5,4.1445e-07,5.99939,4.1445e-07,0.161274
4.1545e-07,5,4.1545e-07,5.99939,4.1545e-07,0.161274
4.1645e-07,5,4.1645e-07,5.99939,4.1645e-07,0.161274
4.1745e-07,5,4.1745e-07,5.99939,4.1745e-07,0.161274
4.1845e-07,5,4.1845e-07,5.99939,4.1845e-07,0.161274
4.1945e-07,5,4.1945e-07,5.99939,4.1945e-07,0.161274
4.2045e-07,5,4.2045e-07,5.99939,4.2045e-07,0.161274
4.2145e-07,5,4.2145e-07,5.99939,4.2145e-07,0.161274
4.2245e-07,5,4.2245e-07,5.99939,4.2245e-07,0.161274
4.2345e-07,5,4.2345e-07,5.99939,4.2345e-07,0.161274
4.2445e-07,5,4.2445e-07,5.99939,4.2445e-07,0.161274
4.2545e-07,5,4.2545e-07,5.99939,4.2545e-07,0.161274
4.2645e-07,5,4.2645e-07,5.99939,4.2645e-07,0.161274
4.2745e-07,5,4.2745e-07,5.99939,4.2745e-07,0.161274
4.2845e-07,5,4.2845e-07,5.99939,4.2845e-07,0.161274
4.2945e-07,5,4.2945e-07,5.99939,4.2945e-07,0.161274
4.3045e-07,5,4.3045e-07,5.99939,4.3045e-07,0.161274
4.3145e-07,5,4.3145e-07,5.99939,4.3145e-07,0.161274
4.3245e-07,5,4.3245e-07,5.99939,4.3245e-07,0.161274
4.3345e-07,5,4.3345e-07,5.99939,4.3345e-07,0.161274
4.3445e-07,5,4.3445e-07,5.99939,4.3445e-07,0.161274
4.3545e-07,5,4.3545e-07,5.99939,4.3545e-07,0.161274
4.3645e-07,5,4.3645e-07,5.99939,4.3645e-07,0.161274
4.3745e-07,5,4.3745e-07,5.99939,4.3745e-07,0.161274
4.3845e-07,5,4.3845e-07,5.99939,4.3845e-07,0.161274
4.3945e-07,5,4.3945e-07,5.99939,4.3945e-07,0.161274
4.4045e-07,5,4.4045e-07,5.99939,4.4045e-07,0.161274
4.4145e-07,5,4.4145e-07,5.99939,4.4145e-07,0.161274
4.4245e-07,5,4.4245e-07,5.99939,4.4245e-07,0.161274
4.4345e-07,5,4.4345e-07,5.99939,4.4345e-07,0.161274
4.4445e-07,5,4.4445e-07,5.99939,4.4445e-07,0.161274
4.4545e-07,5,4.4545e-07,5.99939,4.4545e-07,0.161274
4.4645e-07,5,4.4645e-07,5.99939,4.4645e-07,0.161274
4.4745e-07,5,4.4745e-07,5.99939,4.4745e-07,0.161274
4.4845e-07,5,4.4845e-07,5.99939,4.4845e-07,0.161274
4.4945e-07,5,4.4945e-07,5.99939,4.4945e-07,0.161274
4.5045e-07,5,4.5045e-07,5.99939,4.5045e-07,0.161274
4.5145e-07,5,4.5145e-07,5.99939,4.5145e-07,0.161274
4.5245e-07,5,4.5245e-07,5.99939,4.5245e-07,0.161274
4.5345e-07,5,4.5345e-07,5.99939,4.5345e-07,0.161274
4.5445e-07,5,4.5445e-07,5.99939,4.5445e-07,0.161274
4.5545e-07,5,4.5545e-07,5.99939,4.5545e-07,0.161274
4.5645e-07,5,4.5645e-07,5.99939,4.5645e-07,0.161274
4.5745e-07,5,4.5745e-07,5.99939,4.5745e-07,0.161274
4.5845e-07,5,4.5845e-07,5.99939,4.5845e-07,0.161274
4.5945e-07,5,4.5945e-07,5.99939,4.5945e-07,0.161274
4.6045e-07,5,4.6045e-07,5.99939,4.6045e-07,0.161274
4.6145e-07,5,4.6145e-07,5.99939,4.6145e-07,0.161274
4.6245e-07,5,4.6245e-07,5.99939,4.6245e-07,0.161274
4.6345e-07,5,4.6345e-07,5.99939,4.6345e-07,0.161274
4.6445e-07,5,4.6445e-07,5.99939,4.6445e-07,0.161274
4.6545e-07,5,4.6545e-07,5.99939,4.6545e-07,0.161274
4.6645e-07,5,4.6645e-07,5.99939,4.6645e-07,0.161274
4.6745e-07,5,4.6745e-07,5.99939,4.6745e-07,0.161274
4.6845e-07,5,4.6845e-07,5.99939,4.6845e-07,0.161274
4.6945e-07,5,4.6945e-07,5.99939,4.6945e-07,0.161274
4.7045e-07,5,4.7045e-07,5.99939,4.7045e-07,0.161274
4.7145e-07,5,4.7145e-07,5.99939,4.7145e-07,0.161274
4.7245e-07,5,4.7245e-07,5.99939,4.7245e-07,0.161274
4.7345e-07,5,4.7345e-07,5.99939,4.7345e-07,0.161274
4.7445e-07,5,4.7445e-07,5.99939,4.7445e-07,0.161274
4.7545e-07,5,4.7545e-07,5.99939,4.7545e-07,0.161274
4.7645e-07,5,4.7645e-07,5.99939,4.7645e-07,0.161274
4.7745e-07,5,4.7745e-07,5.99939,4.7745e-07,0.161274
4.7845e-07,5,4.7845e-07,5.99939,4.7845e-07,0.161274
4.7945e-07,5,4.7945e-07,5.99939,4.7945e-07,0.161274
4.8045e-07,5,4.8045e-07,5.99939,4.8045e-07,0.161274
4.8145e-07,5,4.8145e-07,5.99939,4.8145e-07,0.161274
4.8245e-07,5,4.8245e-07,5.99939,4.8245e-07,0.161274
4.8345e-07,5,4.8345e-07,5.99939,4.8345e-07,0.161274
4.8445e-07,5,4.8445e-07,5.99939,4.8445e-07,0.161274
4.8545e-07,5,4.8545e-07,5.99939,4.8545e-07,0.161274
4.8645e-07,5,4.8645e-07,5.99939,4.8645e-07,0.161274
4.8745e-07,5,4.8745e-07,5.99939,4.8745e-07,0.161274
4.8845e-07,5,4.8845e-07,5.99939,4.8845e-07,0.161274
4.8945e-07,5,4.8945e-07,5.99939,4.8945e-07,0.161274
4.9045e-07,5,4.9045e-07,5.99939,4.9045e-07,0.161274
4.9145e-07,5,4.9145e-07,5.99939,4.9145e-07,0.161274
4.9245e-07,5,4.9245e-07,5.99939,4.9245e-07,0.161274
4.9345e-07,5,4.9345e-07,5.99939,4.9345e-07,0.161274
4.9445e-07,5,4.9445e-07,5.99939,4.9445e-07,0.161274
4.9545e-07,5,4.9545e-07,5.99939,4.9545e-07,0.161274
4.9645e-07,5,4.9645e-07,5.99939,4.9645e-07,0.161274
4.9745e-07,5,4.9745e-07,5.99939,4.9745e-07,0.161274
4.9845e-07,5,4.9845e-07,5.99939,4.9845e-07,0.161274
4.9945e-07,5,4.9945e-07,5.99939,4.9945e-07,0.161274
5.0045e-07,5,5.0045e-07,5.99939,5.0045e-07,0.161274
5.0145e-07,5,5.0145e-07,5.99939,5.0145e-07,0.161274
5.0245e-07,5,5.0245e-07,5.99939,5.0245e-07,0.161274
5.0345e-07,5,5.0345e-07,5.99939,5.0345e-07,0.161274
5.0445e-07,5,5.0445e-07,5.99939,5.0445e-07,0.161274
5.0545e-07,5,5.0545e-07,5.99939,5.0545e-07,0.161274
5.0645e-07,5,5.0645e-07,5.99939,5.0645e-07,0.161274
5.0745e-07,5,5.0745e-07,5.99939,5.0745e-07,0.161274
5.0845e-07,5,5.0845e-07,5.99939,5.0845e-07,0.161274
5.094e-07,5,5.094e-07,5.99939,5.094e-07,0.161274
5.104e-07,5,5.104e-07,5.99939,5.104e-07,0.161274
5.114e-07,5,5.114e-07,5.99939,5.114e-07,0.161274
5.124e-07,5,5.124e-07,5.99939,5.124e-07,0.161274
5.134e-07,5,5.134e-07,5.99939,5.134e-07,0.161274
5.144e-07,5,5.144e-07,5.99939,5.144e-07,0.161274
5.154e-07,5,5.154e-07,5.99939,5.154e-07,0.161274
5.164e-07,5,5.164e-07,5.99939,5.164e-07,0.161274
5.174e-07,5,5.174e-07,5.99939,5.174e-07,0.161274
5.184e-07,5,5.184e-07,5.99939,5.184e-07,0.161274
5.194e-07,5,5.194e-07,5.99939,5.194e-07,0.161274
5.204e-07,5,5.204e-07,5.99939,5.204e-07,0.161274
5.214e-07,5,5.214e-07,5.99939,5.214e-07,0.161274
5.224e-07,5,5.224e-07,5.99939,5.224e-07,0.161274
5.234e-07,5,5.234e-07,5.99939,5.234e-07,0.161274
5.244e-07,5,5.244e-07,5.99939,5.244e-07,0.161274
5.254e-07,5,5.254e-07,5.99939,5.254e-07,0.161274
5.264e-07,5,5.264e-07,5.99939,5.264e-07,0.161274
5.274e-07,5,5.274e-07,5.99939,5.274e-07,0.161274
5.284e-07,5,5.284e-07,5.99939,5.284e-07,0.161274
5.294e-07,5,5.294e-07,5.99939,5.294e-07,0.161274
5.304e-07,5,5.304e-07,5.99939,5.304e-07,0.161274
5.314e-07,5,5.314e-07,5.99939,5.314e-07,0.161274
5.324e-07,5,5.324e-07,5.99939,5.324e-07,0.161274
5.334e-07,5,5.334e-07,5.99939,5.334e-07,0.161274
5.344e-07,5,5.344e-07,5.99939,5.344e-07,0.161274
5.354e-07,5,5.354e-07,5.99939,5.354e-07,0.161274
5.364e-07,5,5.364e-07,5.99939,5.364e-07,0.161274
5.374e-07,5,5.374e-07,5.99939,5.374e-07,0.161274
5.384e-07,5,5.384e-07,5.99939,5.384e-07,0.161274
5.394e-07,5,5.394e-07,5.99939,5.394e-07,0.161274
5.404e-07,5,5.404e-07,5.99939,5.404e-07,0.161274
5.414e-07,5,5.414e-07,5.99939,5.414e-07,0.161274
5.424e-07,5,5.424e-07,5.99939,5.424e-07,0.161274
5.434e-07,5,5.434e-07,5.99939,5.434e-07,0.161274
5.444e-07,5,5.444e-07,5.99939,5.444e-07,0.161274
5.454e-07,5,5.454e-07,5.99939,5.454e-07,0.161274
5.464e-07,5,5.464e-07,5.99939,5.464e-07,0.161274
5.474e-07,5,5.474e-07,5.99939,5.474e-07,0.161274
5.484e-07,5,5.484e-07,5.99939,5.484e-07,0.161274
5.494e-07,5,5.494e-07,5.99939,5.494e-07,0.161274
5.504e-07,5,5.504e-07,5.99939,5.504e-07,0.161274
5.514e-07,5,5.514e-07,5.99939,5.514e-07,0.161274
5.524e-07,5,5.524e-07,5.99939,5.524e-07,0.161274
5.534e-07,5,5.534e-07,5.99939,5.534e-07,0.161274
5.544e-07,5,5.544e-07,5.99939,5.544e-07,0.161274
5.554e-07,5,5.554e-07,5.99939,5.554e-07,0.161274
5.564e-07,5,5.564e-07,5.99939,5.564e-07,0.161274
5.574e-07,5,5.574e-07,5.99939,5.574e-07,0.161274
5.584e-07,5,5.584e-07,5.99939,5.584e-07,0.161274
5.594e-07,5,5.594e-07,5.99939,5.594e-07,0.161274
5.604e-07,5,5.604e-07,5.99939,5.604e-07,0.161274
5.614e-07,5,5.614e-07,5.99939,5.614e-07,0.161274
5.624e-07,5,5.624e-07,5.99939,5.624e-07,0.161274
5.634e-07,5,5.634e-07,5.99939,5.634e-07,0.161274
5.644e-07,5,5.644e-07,5.99939,5.644e-07,0.161274
5.654e-07,5,5.654e-07,5.99939,5.654e-07,0.161274
5.664e-07,5,5.664e-07,5.99939,5.664e-07,0.161274
5.674e-07,5,5.674e-07,5.99939,5.674e-07,0.161274
5.684e-07,5,5.684e-07,5.99939,5.684e-07,0.161274
5.694e-07,5,5.694e-07,5.99939,5.694e-07,0.161274
5.704e-07,5,5.704e-07,5.99939,5.704e-07,0.161274
5.714e-07,5,5.714e-07,5.99939,5.714e-07,0.161274
5.724e-07,5,5.724e-07,5.99939,5.724e-07,0.161274
5.734e-07,5,5.734e-07,5.99939,5.734e-07,0.161274
5.744e-07,5,5.744e-07,5.99939,5.744e-07,0.161274
5.754e-07,5,5.754e-07,5.99939,5.754e-07,0.161274
5.764e-07,5,5.764e-07,5.99939,5.764e-07,0.161274
5.774e-07,5,5.774e-07,5.99939,5.774e-07,0.161274
5.784e-07,5,5.784e-07,5.99939,5.784e-07,0.161274
5.794e-07,5,5.794e-07,5.99939,5.794e-07,0.161274
5.804e-07,5,5.804e-07,5.99939,5.804e-07,0.161274
5.814e-07,5,5.814e-07,5.99939,5.814e-07,0.161274
5.824e-07,5,5.824e-07,5.99939,5.824e-07,0.161274
5.834e-07,5,5.834e-07,5.99939,5.834e-07,0.161274
5.844e-07,5,5.844e-07,5.99939,5.844e-07,0.161274
5.854e-07,5,5.854e-07,5.99939,5.854e-07,0.161274
5.864e-07,5,5.864e-07,5.99939,5.864e-07,0.161274
5.874e-07,5,5.874e-07,5.99939,5.874e-07,0.161274
5.884e-07,5,5.884e-07,5.99939,5.884e-07,0.161274
5.894e-07,5,5.894e-07,5.99939,5.894e-07,0.161274
5.904e-07,5,5.904e-07,5.99939,5.904e-07,0.161274
5.914e-07,5,5.914e-07,5.99939,5.914e-07,0.161274
5.924e-07,5,5.924e-07,5.99939,5.924e-07,0.161274
5.934e-07,5,5.934e-07,5.99939,5.934e-07,0.161274
5.944e-07,5,5.944e-07,5.99939,5.944e-07,0.161274
5.954e-07,5,5.954e-07,5.99939,5.954e-07,0.161274
5.964e-07,5,5.964e-07,5.99939,5.964e-07,0.161274
5.974e-07,5,5.974e-07,5.99939,5.974e-07,0.161274
5.984e-07,5,5.984e-07,5.99939,5.984e-07,0.161274
5.994e-07,5,5.994e-07,5.99939,5.994e-07,0.161274
6e-07,5,6e-07,5.99939,6e-07,0.161274
