#X--Trace 1::[V(mcu1a)],Y--Trace 1::[V(mcu1a)],X--Trace 2::[V(va)-V(vb)],Y--Trace 2::[V(va)-V(vb)],X--Trace 3::[I(RA)],Y--Trace 3::[I(RA)]
0,0,0,-6.93889e-18,0,-3.63293e-19
1e-11,0,1e-11,1.19002e-15,1e-11,6.23047e-17
2e-11,0,2e-11,-7.00828e-15,2e-11,-3.66926e-16
4e-11,0,4e-11,-3.24046e-15,4e-11,-1.69658e-16
8e-11,0,8e-11,8.47239e-15,8e-11,4.43581e-16
1.6e-10,0,1.6e-10,6.6197e-15,1.6e-10,3.46581e-16
3.2e-10,0,3.2e-10,3.88578e-15,3.2e-10,2.03444e-16
6.4e-10,0,6.4e-10,2.98372e-16,6.4e-10,1.56216e-17
1.28e-09,0,1.28e-09,1.10675e-15,1.28e-09,5.79452e-17
2.28e-09,0,2.28e-09,7.06726e-15,2.28e-09,3.70014e-16
3.28e-09,0,3.28e-09,6.39766e-15,3.28e-09,3.34956e-16
4.28e-09,0,4.28e-09,-7.31012e-15,4.28e-09,-3.82729e-16
5.28e-09,0,5.28e-09,4.19803e-16,5.28e-09,2.19792e-17
6.28e-09,0,6.28e-09,-3.33067e-15,6.28e-09,-1.74381e-16
7.28e-09,0,7.28e-09,-5.44703e-15,7.28e-09,-2.85185e-16
8.28e-09,0,8.28e-09,-2.42167e-15,8.28e-09,-1.26789e-16
9.23e-09,0,9.23e-09,-2.08167e-15,9.23e-09,-1.08988e-16
1e-08,0,1e-08,-2.55351e-15,1e-08,-1.33692e-16
1.0016e-08,0.00799164,1.0016e-08,2.97159e-06,1.0016e-08,1.5558e-07
1.00479e-08,0.0239749,1.00479e-08,9.49744e-06,1.00479e-08,4.97248e-07
1.01119e-08,0.0559415,1.01119e-08,2.59497e-05,1.01119e-08,1.35863e-06
1.02397e-08,0.119875,1.02397e-08,7.2706e-05,1.02397e-08,3.8066e-06
1.04955e-08,0.247741,1.04955e-08,0.00023014,1.04955e-08,1.20492e-05
1.10069e-08,0.503474,1.10069e-08,0.000835857,1.10069e-08,4.37621e-05
1.17498e-08,0.874915,1.17498e-08,0.00234906,1.17498e-08,0.000122987
1.23231e-08,1.16153,1.23231e-08,0.0042587,1.23231e-08,0.000222969
1.29636e-08,1.48181,1.29636e-08,0.00711878,1.29636e-08,0.000372711
1.39636e-08,1.98181,1.39636e-08,0.0124865,1.39636e-08,0.000653744
1.49636e-08,2.48181,1.49636e-08,0.0183589,1.49636e-08,0.000961197
1.59636e-08,2.98181,1.59636e-08,0.0243788,1.59636e-08,0.00127638
1.69636e-08,3.48181,1.69636e-08,0.0304239,1.69636e-08,0.00159288
1.79636e-08,3.98181,1.79636e-08,0.0364598,1.79636e-08,0.00190889
1.89636e-08,4.48181,1.89636e-08,0.042489,1.89636e-08,0.00222455
1.94636e-08,4.73181,1.94636e-08,0.0455038,1.94636e-08,0.0023824
2e-08,5,2e-08,0.0487424,2e-08,0.00255196
2.01e-08,5,2.01e-08,0.0492889,2.01e-08,0.00258057
2.03e-08,5,2.03e-08,0.0503343,2.03e-08,0.0026353
2.07e-08,5,2.07e-08,0.0522026,2.07e-08,0.00273312
2.15e-08,5,2.15e-08,0.0553692,2.15e-08,0.00289891
2.25e-08,5,2.25e-08,0.0587631,2.25e-08,0.0030766
2.35e-08,5,2.35e-08,0.0619311,2.35e-08,0.00324247
2.45e-08,5,2.45e-08,0.0650592,2.45e-08,0.00340624
2.55e-08,5,2.55e-08,0.068215,2.55e-08,0.00357147
2.65e-08,5,2.65e-08,0.0714194,2.65e-08,0.00373924
2.75e-08,5,2.75e-08,0.0746785,2.75e-08,0.00390987
2.85e-08,5,2.85e-08,0.0779893,2.85e-08,0.00408321
2.95e-08,5,2.95e-08,0.0813479,2.95e-08,0.00425905
3.05e-08,5,3.05e-08,0.0847471,3.05e-08,0.00443702
3.15e-08,5,3.15e-08,0.0881808,3.15e-08,0.0046168
3.25e-08,5,3.25e-08,0.0916405,3.25e-08,0.00479793
3.35e-08,5,3.35e-08,0.0951129,3.35e-08,0.00497973
3.45e-08,5,3.45e-08,0.0985705,3.45e-08,0.00516076
3.55e-08,5,3.55e-08,0.101979,3.55e-08,0.00533923
3.65e-08,5,3.65e-08,0.105312,3.65e-08,0.00551372
3.75e-08,5,3.75e-08,0.108555,3.75e-08,0.0056835
3.85e-08,5,3.85e-08,0.111702,3.85e-08,0.00584826
3.95e-08,5,3.95e-08,0.114752,3.95e-08,0.00600798
4.05e-08,5,4.05e-08,0.117708,4.05e-08,0.0061627
4.15e-08,5,4.15e-08,0.12057,4.15e-08,0.00631256
4.25e-08,5,4.25e-08,0.123342,4.25e-08,0.00645769
4.35e-08,5,4.35e-08,0.126027,4.35e-08,0.00659827
4.45e-08,5,4.45e-08,0.128628,4.45e-08,0.00673445
4.55e-08,5,4.55e-08,0.131149,4.55e-08,0.00686642
4.65e-08,5,4.65e-08,0.133592,4.65e-08,0.00699435
4.75e-08,5,4.75e-08,0.135963,4.75e-08,0.00711846
4.85e-08,5,4.85e-08,0.138264,4.85e-08,0.00723896
4.95e-08,5,4.95e-08,0.140503,4.95e-08,0.00735617
5.05e-08,5,5.05e-08,0.142686,5.05e-08,0.0074705
5.15e-08,5,5.15e-08,0.144829,5.15e-08,0.00758265
5.25e-08,5,5.25e-08,0.146952,5.25e-08,0.00769381
5.35e-08,5,5.35e-08,0.149099,5.35e-08,0.00780621
5.45e-08,5,5.45e-08,0.151347,5.45e-08,0.00792393
5.55e-08,5,5.55e-08,0.153841,5.55e-08,0.00805448
5.65e-08,5,5.65e-08,0.156826,5.65e-08,0.00821078
5.75e-08,5,5.75e-08,0.160675,5.75e-08,0.00841232
5.85e-08,5,5.85e-08,0.165833,5.85e-08,0.00868234
5.95e-08,5,5.95e-08,0.172613,5.95e-08,0.00903731
6.05e-08,5,6.05e-08,0.180965,6.05e-08,0.00947463
6.15e-08,5,6.15e-08,0.190426,6.15e-08,0.00996994
6.25e-08,5,6.25e-08,0.200292,6.25e-08,0.0104865
6.35e-08,5,6.35e-08,0.209892,6.35e-08,0.0109891
6.45e-08,5,6.45e-08,0.21875,6.45e-08,0.0114529
6.55e-08,5,6.55e-08,0.226622,6.55e-08,0.011865
6.65e-08,5,6.65e-08,0.233444,6.65e-08,0.0122222
6.75e-08,5,6.75e-08,0.239272,6.75e-08,0.0125273
6.85e-08,5,6.85e-08,0.244221,6.85e-08,0.0127865
6.95e-08,5,6.95e-08,0.248436,6.95e-08,0.0130071
7.05e-08,5,7.05e-08,0.252067,7.05e-08,0.0131972
7.15e-08,5,7.15e-08,0.25528,7.15e-08,0.0133654
7.25e-08,5,7.25e-08,0.258288,7.25e-08,0.013523
7.35e-08,5,7.35e-08,0.26149,7.35e-08,0.0136906
7.45e-08,5,7.45e-08,0.265709,7.45e-08,0.0139115
7.55e-08,5,7.55e-08,0.272299,7.55e-08,0.0142565
7.65e-08,5,7.65e-08,0.282512,7.65e-08,0.0147912
7.75e-08,5,7.75e-08,0.296505,7.75e-08,0.0155238
7.85e-08,5,7.85e-08,0.313273,7.85e-08,0.0164017
7.95e-08,5,7.95e-08,0.33156,7.95e-08,0.0173592
8.05e-08,5,8.05e-08,0.350771,8.05e-08,0.018365
8.15e-08,5,8.15e-08,0.371428,8.15e-08,0.0194465
8.25e-08,5,8.25e-08,0.395201,8.25e-08,0.0206912
8.35e-08,5,8.35e-08,0.424098,8.35e-08,0.0222041
8.45e-08,5,8.45e-08,0.458727,8.45e-08,0.0240171
8.55e-08,5,8.55e-08,0.497249,8.55e-08,0.026034
8.65e-08,5,8.65e-08,0.536404,8.65e-08,0.028084
8.75e-08,5,8.75e-08,0.573406,8.75e-08,0.0300212
8.85e-08,5,8.85e-08,0.607271,8.85e-08,0.0317943
8.95e-08,5,8.95e-08,0.640232,8.95e-08,0.03352
9.05e-08,5,9.05e-08,0.68019,9.05e-08,0.035612
9.15e-08,5,9.15e-08,0.737185,9.15e-08,0.0385961
9.25e-08,5,9.25e-08,0.811042,9.25e-08,0.0424629
9.35e-08,5,9.35e-08,0.891755,9.35e-08,0.0466887
9.45e-08,5,9.45e-08,0.970476,9.45e-08,0.0508103
9.55e-08,5,9.55e-08,1.04345,9.55e-08,0.0546308
9.65e-08,5,9.65e-08,1.11007,9.65e-08,0.0581186
9.75e-08,5,9.75e-08,1.1708,9.75e-08,0.0612986
9.85e-08,5,9.85e-08,1.22627,9.85e-08,0.0642028
9.95e-08,5,9.95e-08,1.27701,9.95e-08,0.0668593
1.005e-07,5,1.005e-07,1.32348,1.005e-07,0.069292
1.015e-07,5,1.015e-07,1.36609,1.015e-07,0.0715228
1.025e-07,5,1.025e-07,1.40523,1.025e-07,0.0735724
1.035e-07,5,1.035e-07,1.44129,1.035e-07,0.07546
1.045e-07,5,1.045e-07,1.4746,1.045e-07,0.0772039
1.055e-07,5,1.055e-07,1.50548,1.055e-07,0.0788209
1.065e-07,5,1.065e-07,1.53423,1.065e-07,0.0803263
1.075e-07,5,1.075e-07,1.56113,1.075e-07,0.0817346
1.085e-07,5,1.085e-07,1.58642,1.085e-07,0.0830587
1.095e-07,5,1.095e-07,1.61034,1.095e-07,0.084311
1.105e-07,5,1.105e-07,1.6331,1.105e-07,0.0855026
1.115e-07,5,1.115e-07,1.6549,1.115e-07,0.0866438
1.125e-07,5,1.125e-07,1.67591,1.125e-07,0.0877442
1.135e-07,5,1.135e-07,1.69632,1.135e-07,0.0888126
1.145e-07,5,1.145e-07,1.71628,1.145e-07,0.0898574
1.155e-07,5,1.155e-07,1.73592,1.155e-07,0.0908861
1.165e-07,5,1.165e-07,1.7554,1.165e-07,0.0919058
1.175e-07,5,1.175e-07,1.77483,1.175e-07,0.0929229
1.185e-07,5,1.185e-07,1.79432,1.185e-07,0.0939436
1.195e-07,5,1.195e-07,1.81399,1.195e-07,0.0949733
1.205e-07,5,1.205e-07,1.83392,1.205e-07,0.096017
1.215e-07,5,1.215e-07,1.85421,1.215e-07,0.0970793
1.225e-07,5,1.225e-07,1.87494,1.225e-07,0.0981642
1.235e-07,5,1.235e-07,1.89616,1.235e-07,0.0992754
1.245e-07,5,1.245e-07,1.91795,1.245e-07,0.100416
1.255e-07,5,1.255e-07,1.94035,1.255e-07,0.101589
1.265e-07,5,1.265e-07,1.96342,1.265e-07,0.102797
1.275e-07,5,1.275e-07,1.98718,1.275e-07,0.104041
1.285e-07,5,1.285e-07,2.01166,1.285e-07,0.105323
1.295e-07,5,1.295e-07,2.03689,1.295e-07,0.106644
1.305e-07,5,1.305e-07,2.06288,1.305e-07,0.108004
1.315e-07,5,1.315e-07,2.08962,1.315e-07,0.109404
1.325e-07,5,1.325e-07,2.11711,1.325e-07,0.110843
1.335e-07,5,1.335e-07,2.14534,1.335e-07,0.112322
1.345e-07,5,1.345e-07,2.1743,1.345e-07,0.113838
1.355e-07,5,1.355e-07,2.20395,1.355e-07,0.11539
1.365e-07,5,1.365e-07,2.23427,1.365e-07,0.116978
1.375e-07,5,1.375e-07,2.26522,1.375e-07,0.118598
1.385e-07,5,1.385e-07,2.29676,1.385e-07,0.120249
1.395e-07,5,1.395e-07,2.32883,1.395e-07,0.121928
1.405e-07,5,1.405e-07,2.3614,1.405e-07,0.123634
1.415e-07,5,1.415e-07,2.39441,1.415e-07,0.125362
1.425e-07,5,1.425e-07,2.42781,1.425e-07,0.12711
1.435e-07,5,1.435e-07,2.46154,1.435e-07,0.128876
1.445e-07,5,1.445e-07,2.49555,1.445e-07,0.130657
1.455e-07,5,1.455e-07,2.52978,1.455e-07,0.132449
1.465e-07,5,1.465e-07,2.56418,1.465e-07,0.13425
1.475e-07,5,1.475e-07,2.59869,1.475e-07,0.136057
1.485e-07,5,1.485e-07,2.63327,1.485e-07,0.137868
1.495e-07,5,1.495e-07,2.66787,1.495e-07,0.139679
1.505e-07,5,1.505e-07,2.70243,1.505e-07,0.141489
1.515e-07,5,1.515e-07,2.73692,1.515e-07,0.143294
1.525e-07,5,1.525e-07,2.77131,1.525e-07,0.145095
1.535e-07,5,1.535e-07,2.80554,1.535e-07,0.146887
1.545e-07,5,1.545e-07,2.83959,1.545e-07,0.14867
1.555e-07,5,1.555e-07,2.87344,1.555e-07,0.150442
1.565e-07,5,1.565e-07,2.90706,1.565e-07,0.152202
1.575e-07,5,1.575e-07,2.94042,1.575e-07,0.153949
1.585e-07,5,1.585e-07,2.97351,1.585e-07,0.155681
1.595e-07,5,1.595e-07,3.00632,1.595e-07,0.157399
1.605e-07,5,1.605e-07,3.03884,1.605e-07,0.159102
1.615e-07,5,1.615e-07,3.07107,1.615e-07,0.160789
1.625e-07,5,1.625e-07,3.10299,1.625e-07,0.16246
1.635e-07,5,1.635e-07,3.13462,1.635e-07,0.164116
1.645e-07,5,1.645e-07,3.16595,1.645e-07,0.165757
1.655e-07,5,1.655e-07,3.197,1.655e-07,0.167382
1.665e-07,5,1.665e-07,3.22776,1.665e-07,0.168993
1.675e-07,5,1.675e-07,3.25826,1.675e-07,0.17059
1.685e-07,5,1.685e-07,3.28851,1.685e-07,0.172173
1.695e-07,5,1.695e-07,3.31851,1.695e-07,0.173744
1.705e-07,5,1.705e-07,3.3483,1.705e-07,0.175303
1.715e-07,5,1.715e-07,3.37787,1.715e-07,0.176852
1.725e-07,5,1.725e-07,3.40726,1.725e-07,0.178391
1.735e-07,5,1.735e-07,3.43648,1.735e-07,0.17992
1.745e-07,5,1.745e-07,3.46555,1.745e-07,0.181443
1.755e-07,5,1.755e-07,3.49449,1.755e-07,0.182958
1.765e-07,5,1.765e-07,3.52333,1.765e-07,0.184467
1.775e-07,5,1.775e-07,3.55207,1.775e-07,0.185972
1.785e-07,5,1.785e-07,3.58075,1.785e-07,0.187474
1.795e-07,5,1.795e-07,3.60938,1.795e-07,0.188973
1.805e-07,5,1.805e-07,3.63797,1.805e-07,0.19047
1.815e-07,5,1.815e-07,3.66655,1.815e-07,0.191966
1.825e-07,5,1.825e-07,3.69513,1.825e-07,0.193462
1.835e-07,5,1.835e-07,3.72373,1.835e-07,0.19496
1.845e-07,5,1.845e-07,3.75237,1.845e-07,0.196459
1.855e-07,5,1.855e-07,3.78105,1.855e-07,0.197961
1.865e-07,5,1.865e-07,3.80979,1.865e-07,0.199465
1.875e-07,5,1.875e-07,3.8386,1.875e-07,0.200974
1.885e-07,5,1.885e-07,3.86748,1.885e-07,0.202486
1.895e-07,5,1.895e-07,3.89646,1.895e-07,0.204003
1.905e-07,5,1.905e-07,3.92553,1.905e-07,0.205525
1.915e-07,5,1.915e-07,3.9547,1.915e-07,0.207052
1.925e-07,5,1.925e-07,3.98397,1.925e-07,0.208585
1.935e-07,5,1.935e-07,4.01335,1.935e-07,0.210123
1.945e-07,5,1.945e-07,4.04284,1.945e-07,0.211667
1.955e-07,5,1.955e-07,4.07244,1.955e-07,0.213217
1.965e-07,5,1.965e-07,4.10215,1.965e-07,0.214772
1.975e-07,5,1.975e-07,4.13196,1.975e-07,0.216333
1.985e-07,5,1.985e-07,4.16188,1.985e-07,0.217899
1.995e-07,5,1.995e-07,4.1919,1.995e-07,0.219471
2.005e-07,5,2.005e-07,4.22201,2.005e-07,0.221048
2.015e-07,5,2.015e-07,4.25222,2.015e-07,0.222629
2.025e-07,5,2.025e-07,4.28251,2.025e-07,0.224215
2.035e-07,5,2.035e-07,4.31288,2.035e-07,0.225805
2.045e-07,5,2.045e-07,4.34332,2.045e-07,0.227399
2.055e-07,5,2.055e-07,4.37383,2.055e-07,0.228996
2.065e-07,5,2.065e-07,4.40439,2.065e-07,0.230597
2.075e-07,5,2.075e-07,4.43501,2.075e-07,0.2322
2.085e-07,5,2.085e-07,4.46567,2.085e-07,0.233805
2.095e-07,5,2.095e-07,4.49637,2.095e-07,0.235412
2.105e-07,5,2.105e-07,4.52709,2.105e-07,0.23702
2.115e-07,5,2.115e-07,4.55783,2.115e-07,0.23863
2.125e-07,5,2.125e-07,4.58859,2.125e-07,0.24024
2.135e-07,5,2.135e-07,4.61935,2.135e-07,0.241851
2.145e-07,5,2.145e-07,4.65011,2.145e-07,0.243462
2.155e-07,5,2.155e-07,4.68087,2.155e-07,0.245072
2.165e-07,5,2.165e-07,4.71162,2.165e-07,0.246682
2.175e-07,5,2.175e-07,4.74235,2.175e-07,0.24829
2.185e-07,5,2.185e-07,4.77305,2.185e-07,0.249898
2.195e-07,5,2.195e-07,4.80374,2.195e-07,0.251504
2.205e-07,5,2.205e-07,4.83439,2.205e-07,0.253109
2.215e-07,5,2.215e-07,4.865,2.215e-07,0.254712
2.225e-07,5,2.225e-07,4.89559,2.225e-07,0.256313
2.235e-07,5,2.235e-07,4.92613,2.235e-07,0.257913
2.245e-07,5,2.245e-07,4.95663,2.245e-07,0.25951
2.255e-07,5,2.255e-07,4.9871,2.255e-07,0.261105
2.265e-07,5,2.265e-07,5.01752,2.265e-07,0.262697
2.275e-07,5,2.275e-07,5.0479,2.275e-07,0.264288
2.285e-07,5,2.285e-07,5.07823,2.285e-07,0.265876
2.295e-07,5,2.295e-07,5.10853,2.295e-07,0.267462
2.305e-07,5,2.305e-07,5.13878,2.305e-07,0.269046
2.315e-07,5,2.315e-07,5.16899,2.315e-07,0.270628
2.325e-07,5,2.325e-07,5.19917,2.325e-07,0.272208
2.335e-07,5,2.335e-07,5.22931,2.335e-07,0.273786
2.345e-07,5,2.345e-07,5.25941,2.345e-07,0.275362
2.355e-07,5,2.355e-07,5.28949,2.355e-07,0.276937
2.365e-07,5,2.365e-07,5.31953,2.365e-07,0.278509
2.375e-07,5,2.375e-07,5.34955,2.375e-07,0.280081
2.385e-07,5,2.385e-07,5.37954,2.385e-07,0.281651
2.395e-07,5,2.395e-07,5.40951,2.395e-07,0.28322
2.405e-07,5,2.405e-07,5.43946,2.405e-07,0.284788
2.415e-07,5,2.415e-07,5.46939,2.415e-07,0.286356
2.425e-07,5,2.425e-07,5.49931,2.425e-07,0.287922
2.435e-07,5,2.435e-07,5.52922,2.435e-07,0.289488
2.445e-07,5,2.445e-07,5.55912,2.445e-07,0.291054
2.455e-07,5,2.455e-07,5.58902,2.455e-07,0.292619
2.465e-07,5,2.465e-07,5.61891,2.465e-07,0.294184
2.475e-07,5,2.475e-07,5.6488,2.475e-07,0.295749
2.485e-07,5,2.485e-07,5.67869,2.485e-07,0.297314
2.495e-07,5,2.495e-07,5.70858,2.495e-07,0.298879
2.505e-07,5,2.505e-07,5.73848,2.505e-07,0.300444
2.515e-07,5,2.515e-07,5.76838,2.515e-07,0.30201
2.525e-07,5,2.525e-07,5.7983,2.525e-07,0.303576
2.535e-07,5,2.535e-07,5.82822,2.535e-07,0.305142
2.545e-07,5,2.545e-07,5.85815,2.545e-07,0.306709
2.555e-07,5,2.555e-07,5.88809,2.555e-07,0.308277
2.565e-07,5,2.565e-07,5.91804,2.565e-07,0.309845
2.575e-07,5,2.575e-07,5.948,2.575e-07,0.311414
2.585e-07,5,2.585e-07,5.97798,2.585e-07,0.312983
2.595e-07,5,2.595e-07,6.00797,2.595e-07,0.314553
2.605e-07,5,2.605e-07,6.03797,2.605e-07,0.316124
2.615e-07,5,2.615e-07,6.06798,2.615e-07,0.317695
2.625e-07,5,2.625e-07,6.098,2.625e-07,0.319267
2.635e-07,5,2.635e-07,6.12804,2.635e-07,0.32084
2.645e-07,5,2.645e-07,6.15809,2.645e-07,0.322413
2.655e-07,5,2.655e-07,6.18814,2.655e-07,0.323986
2.665e-07,5,2.665e-07,6.21821,2.665e-07,0.325561
2.675e-07,5,2.675e-07,6.24828,2.675e-07,0.327135
2.685e-07,5,2.685e-07,6.27837,2.685e-07,0.32871
2.695e-07,5,2.695e-07,6.30846,2.695e-07,0.330286
2.705e-07,5,2.705e-07,6.33855,2.705e-07,0.331861
2.715e-07,5,2.715e-07,6.36865,2.715e-07,0.333437
2.725e-07,5,2.725e-07,6.39876,2.725e-07,0.335013
2.735e-07,5,2.735e-07,6.42887,2.735e-07,0.33659
2.745e-07,5,2.745e-07,6.45897,2.745e-07,0.338166
2.755e-07,5,2.755e-07,6.48909,2.755e-07,0.339743
2.765e-07,5,2.765e-07,6.5192,2.765e-07,0.341319
2.775e-07,5,2.775e-07,6.54931,2.775e-07,0.342896
2.785e-07,5,2.785e-07,6.57941,2.785e-07,0.344472
2.795e-07,5,2.795e-07,6.60952,2.795e-07,0.346048
2.805e-07,5,2.805e-07,6.63962,2.805e-07,0.347624
2.815e-07,5,2.815e-07,6.66972,2.815e-07,0.3492
2.825e-07,5,2.825e-07,6.69981,2.825e-07,0.350775
2.835e-07,5,2.835e-07,6.72989,2.835e-07,0.35235
2.845e-07,5,2.845e-07,6.75997,2.845e-07,0.353925
2.855e-07,5,2.855e-07,6.79005,2.855e-07,0.3555
2.865e-07,5,2.865e-07,6.82011,2.865e-07,0.357074
2.875e-07,5,2.875e-07,6.85017,2.875e-07,0.358648
2.885e-07,5,2.885e-07,6.88022,2.885e-07,0.360221
2.895e-07,5,2.895e-07,6.91027,2.895e-07,0.361794
2.905e-07,5,2.905e-07,6.9403,2.905e-07,0.363367
2.915e-07,5,2.915e-07,6.97033,2.915e-07,0.364939
2.925e-07,5,2.925e-07,7.00035,2.925e-07,0.36651
2.935e-07,5,2.935e-07,7.03035,2.935e-07,0.368081
2.945e-07,5,2.945e-07,7.06036,2.945e-07,0.369652
2.955e-07,5,2.955e-07,7.09035,2.955e-07,0.371222
2.965e-07,5,2.965e-07,7.12033,2.965e-07,0.372792
2.975e-07,5,2.975e-07,7.15031,2.975e-07,0.374362
2.985e-07,5,2.985e-07,7.18028,2.985e-07,0.375931
2.995e-07,5,2.995e-07,7.21024,2.995e-07,0.3775
3.005e-07,5,3.005e-07,7.2402,3.005e-07,0.379068
3.015e-07,5,3.015e-07,7.27015,3.015e-07,0.380636
3.025e-07,5,3.025e-07,7.30009,3.025e-07,0.382204
3.035e-07,5,3.035e-07,7.33002,3.035e-07,0.383771
3.045e-07,5,3.045e-07,7.35996,3.045e-07,0.385338
3.055e-07,5,3.055e-07,7.38988,3.055e-07,0.386905
3.065e-07,5,3.065e-07,7.4198,3.065e-07,0.388471
3.075e-07,5,3.075e-07,7.44971,3.075e-07,0.390037
3.085e-07,5,3.085e-07,7.47962,3.085e-07,0.391603
3.095e-07,5,3.095e-07,7.50953,3.095e-07,0.393169
3.105e-07,5,3.105e-07,7.53943,3.105e-07,0.394735
3.115e-07,5,3.115e-07,7.56933,3.115e-07,0.3963
3.125e-07,5,3.125e-07,7.59923,3.125e-07,0.397865
3.135e-07,5,3.135e-07,7.62912,3.135e-07,0.39943
3.145e-07,5,3.145e-07,7.65901,3.145e-07,0.400995
3.155e-07,5,3.155e-07,7.6889,3.155e-07,0.40256
3.165e-07,5,3.165e-07,7.71878,3.165e-07,0.404125
3.175e-07,5,3.175e-07,7.74866,3.175e-07,0.405689
3.185e-07,5,3.185e-07,7.77854,3.185e-07,0.407253
3.195e-07,5,3.195e-07,7.80842,3.195e-07,0.408818
3.205e-07,5,3.205e-07,7.83829,3.205e-07,0.410382
3.215e-07,5,3.215e-07,7.86816,3.215e-07,0.411946
3.225e-07,5,3.225e-07,7.89804,3.225e-07,0.41351
3.235e-07,5,3.235e-07,7.9279,3.235e-07,0.415073
3.245e-07,5,3.245e-07,7.95777,3.245e-07,0.416637
3.255e-07,5,3.255e-07,7.98763,3.255e-07,0.418201
3.265e-07,5,3.265e-07,8.0175,3.265e-07,0.419764
3.275e-07,5,3.275e-07,8.04736,3.275e-07,0.421328
3.285e-07,5,3.285e-07,8.07721,3.285e-07,0.422891
3.295e-07,5,3.295e-07,8.10707,3.295e-07,0.424454
3.305e-07,5,3.305e-07,8.13692,3.305e-07,0.426017
3.315e-07,5,3.315e-07,8.16677,3.315e-07,0.42758
3.325e-07,5,3.325e-07,8.19662,3.325e-07,0.429142
3.335e-07,5,3.335e-07,8.22646,3.335e-07,0.430705
3.345e-07,5,3.345e-07,8.2563,3.345e-07,0.432267
3.355e-07,5,3.355e-07,8.28613,3.355e-07,0.433829
3.365e-07,5,3.365e-07,8.31597,3.365e-07,0.435391
3.375e-07,5,3.375e-07,8.3458,3.375e-07,0.436953
3.385e-07,5,3.385e-07,8.37562,3.385e-07,0.438514
3.395e-07,5,3.395e-07,8.40544,3.395e-07,0.440076
3.405e-07,5,3.405e-07,8.43526,3.405e-07,0.441637
3.415e-07,5,3.415e-07,8.46507,3.415e-07,0.443197
3.425e-07,5,3.425e-07,8.49488,3.425e-07,0.444758
3.435e-07,5,3.435e-07,8.52468,3.435e-07,0.446318
3.445e-07,5,3.445e-07,8.55448,3.445e-07,0.447878
3.455e-07,5,3.455e-07,8.58427,3.455e-07,0.449438
3.465e-07,5,3.465e-07,8.61406,3.465e-07,0.450998
3.475e-07,5,3.475e-07,8.64384,3.475e-07,0.452557
3.485e-07,5,3.485e-07,8.67362,3.485e-07,0.454116
3.495e-07,5,3.495e-07,8.70339,3.495e-07,0.455675
3.505e-07,5,3.505e-07,8.73315,3.505e-07,0.457233
3.515e-07,5,3.515e-07,8.76291,3.515e-07,0.458791
3.525e-07,5,3.525e-07,8.79267,3.525e-07,0.460349
3.535e-07,5,3.535e-07,8.82241,3.535e-07,0.461906
3.545e-07,5,3.545e-07,8.85215,3.545e-07,0.463464
3.555e-07,5,3.555e-07,8.88189,3.555e-07,0.46502
3.565e-07,5,3.565e-07,8.91162,3.565e-07,0.466577
3.575e-07,5,3.575e-07,8.94134,3.575e-07,0.468133
3.585e-07,5,3.585e-07,8.97105,3.585e-07,0.469689
3.595e-07,5,3.595e-07,9.00076,3.595e-07,0.471244
3.605e-07,5,3.605e-07,9.03047,3.605e-07,0.472799
3.615e-07,5,3.615e-07,9.06016,3.615e-07,0.474354
3.625e-07,5,3.625e-07,9.08985,3.625e-07,0.475908
3.635e-07,5,3.635e-07,9.11953,3.635e-07,0.477462
3.645e-07,5,3.645e-07,9.14921,3.645e-07,0.479016
3.655e-07,5,3.655e-07,9.17888,3.655e-07,0.480569
3.665e-07,5,3.665e-07,9.20854,3.665e-07,0.482122
3.675e-07,5,3.675e-07,9.23819,3.675e-07,0.483675
3.685e-07,5,3.685e-07,9.26784,3.685e-07,0.485227
3.695e-07,5,3.695e-07,9.29748,3.695e-07,0.486779
3.705e-07,5,3.705e-07,9.32711,3.705e-07,0.488331
3.715e-07,5,3.715e-07,9.35674,3.715e-07,0.489882
3.725e-07,5,3.725e-07,9.38636,3.725e-07,0.491432
3.735e-07,5,3.735e-07,9.41597,3.735e-07,0.492983
3.745e-07,5,3.745e-07,9.44558,3.745e-07,0.494533
3.755e-07,5,3.755e-07,9.47517,3.755e-07,0.496082
3.765e-07,5,3.765e-07,9.50476,3.765e-07,0.497631
3.775e-07,5,3.775e-07,9.53434,3.775e-07,0.49918
3.785e-07,5,3.785e-07,9.56392,3.785e-07,0.500729
3.795e-07,5,3.795e-07,9.59348,3.795e-07,0.502277
3.805e-07,5,3.805e-07,9.62304,3.805e-07,0.503824
3.815e-07,5,3.815e-07,9.65259,3.815e-07,0.505371
3.825e-07,5,3.825e-07,9.68213,3.825e-07,0.506918
3.835e-07,5,3.835e-07,9.71166,3.835e-07,0.508464
3.845e-07,5,3.845e-07,9.74118,3.845e-07,0.51001
3.855e-07,5,3.855e-07,9.7707,3.855e-07,0.511555
3.865e-07,5,3.865e-07,9.80021,3.865e-07,0.5131
3.875e-07,5,3.875e-07,9.8297,3.875e-07,0.514644
3.885e-07,5,3.885e-07,9.85919,3.885e-07,0.516188
3.895e-07,5,3.895e-07,9.88867,3.895e-07,0.517731
3.905e-07,5,3.905e-07,9.91813,3.905e-07,0.519274
3.915e-07,5,3.915e-07,9.94759,3.915e-07,0.520816
3.925e-07,5,3.925e-07,9.97704,3.925e-07,0.522358
3.935e-07,5,3.935e-07,10.0065,3.935e-07,0.523899
3.945e-07,5,3.945e-07,10.0359,3.945e-07,0.52544
3.955e-07,5,3.955e-07,10.0653,3.955e-07,0.526979
3.965e-07,5,3.965e-07,10.0947,3.965e-07,0.528519
3.975e-07,5,3.975e-07,10.1241,3.975e-07,0.530057
3.985e-07,5,3.985e-07,10.1535,3.985e-07,0.531596
3.995e-07,5,3.995e-07,10.1828,3.995e-07,0.533133
4.005e-07,5,4.005e-07,10.2122,4.005e-07,0.534669
4.015e-07,5,4.015e-07,10.2415,4.015e-07,0.536205
4.025e-07,5,4.025e-07,10.2708,4.025e-07,0.53774
4.035e-07,5,4.035e-07,10.3001,4.035e-07,0.539275
4.045e-07,5,4.045e-07,10.3294,4.045e-07,0.540808
4.055e-07,5,4.055e-07,10.3587,4.055e-07,0.542341
4.065e-07,5,4.065e-07,10.388,4.065e-07,0.543873
4.075e-07,5,4.075e-07,10.4172,4.075e-07,0.545403
4.085e-07,5,4.085e-07,10.4464,4.085e-07,0.546933
4.095e-07,5,4.095e-07,10.4756,4.095e-07,0.548462
4.105e-07,5,4.105e-07,10.5048,4.105e-07,0.54999
4.115e-07,5,4.115e-07,10.534,4.115e-07,0.551516
4.125e-07,5,4.125e-07,10.5631,4.125e-07,0.553041
4.135e-07,5,4.135e-07,10.5922,4.135e-07,0.554565
4.145e-07,5,4.145e-07,10.6213,4.145e-07,0.556088
4.155e-07,5,4.155e-07,10.6503,4.155e-07,0.557609
4.165e-07,5,4.165e-07,10.6793,4.165e-07,0.559128
4.175e-07,5,4.175e-07,10.7083,4.175e-07,0.560646
4.185e-07,5,4.185e-07,10.7373,4.185e-07,0.562161
4.195e-07,5,4.195e-07,10.7662,4.195e-07,0.563675
4.205e-07,5,4.205e-07,10.7951,4.205e-07,0.565186
4.215e-07,5,4.215e-07,10.8239,4.215e-07,0.566695
4.225e-07,5,4.225e-07,10.8526,4.225e-07,0.568201
4.235e-07,5,4.235e-07,10.8814,4.235e-07,0.569705
4.245e-07,5,4.245e-07,10.91,4.245e-07,0.571205
4.255e-07,5,4.255e-07,10.9386,4.255e-07,0.572702
4.265e-07,5,4.265e-07,10.9671,4.265e-07,0.574195
4.275e-07,5,4.275e-07,10.9956,4.275e-07,0.575685
4.285e-07,5,4.285e-07,11.0239,4.285e-07,0.57717
4.295e-07,5,4.295e-07,11.0522,4.295e-07,0.578651
4.305e-07,5,4.305e-07,11.0805,4.305e-07,0.580128
4.315e-07,5,4.315e-07,11.1086,4.315e-07,0.581601
4.325e-07,5,4.325e-07,11.1366,4.325e-07,0.583068
4.335e-07,5,4.335e-07,11.1645,4.335e-07,0.584531
4.345e-07,5,4.345e-07,11.1924,4.345e-07,0.585989
4.355e-07,5,4.355e-07,11.2201,4.355e-07,0.587441
4.365e-07,5,4.365e-07,11.2478,4.365e-07,0.588888
4.375e-07,5,4.375e-07,11.2753,4.375e-07,0.590329
4.385e-07,5,4.385e-07,11.3027,4.385e-07,0.591765
4.395e-07,5,4.395e-07,11.33,4.395e-07,0.593195
4.405e-07,5,4.405e-07,11.3572,4.405e-07,0.59462
4.415e-07,5,4.415e-07,11.3843,4.415e-07,0.596038
4.425e-07,5,4.425e-07,11.4113,4.425e-07,0.59745
4.435e-07,5,4.435e-07,11.4382,4.435e-07,0.598856
4.445e-07,5,4.445e-07,11.4649,4.445e-07,0.600257
4.455e-07,5,4.455e-07,11.4915,4.455e-07,0.601651
4.465e-07,5,4.465e-07,11.518,4.465e-07,0.603038
4.475e-07,5,4.475e-07,11.5444,4.475e-07,0.60442
4.485e-07,5,4.485e-07,11.5707,4.485e-07,0.605795
4.495e-07,5,4.495e-07,11.5968,4.495e-07,0.607163
4.505e-07,5,4.505e-07,11.6228,4.505e-07,0.608526
4.515e-07,5,4.515e-07,11.6487,4.515e-07,0.609881
4.525e-07,5,4.525e-07,11.6745,4.525e-07,0.61123
4.535e-07,5,4.535e-07,11.7001,4.535e-07,0.612573
4.545e-07,5,4.545e-07,11.7257,4.545e-07,0.613909
4.555e-07,5,4.555e-07,11.751,4.555e-07,0.615238
4.565e-07,5,4.565e-07,11.7763,4.565e-07,0.61656
4.575e-07,5,4.575e-07,11.8014,4.575e-07,0.617874
4.585e-07,5,4.585e-07,11.8263,4.585e-07,0.61918
4.595e-07,5,4.595e-07,11.851,4.595e-07,0.620473
4.605e-07,5,4.605e-07,11.8754,4.605e-07,0.621748
4.615e-07,5,4.615e-07,11.8993,4.615e-07,0.623001
4.625e-07,5,4.625e-07,11.9227,4.625e-07,0.624226
4.635e-07,5,4.635e-07,11.9455,4.635e-07,0.625418
4.645e-07,5,4.645e-07,11.9675,4.645e-07,0.626571
4.655e-07,5,4.655e-07,11.9887,4.655e-07,0.627679
4.665e-07,5,4.665e-07,12.0089,4.665e-07,0.628737
4.675e-07,5,4.675e-07,12.028,4.675e-07,0.629741
4.685e-07,5,4.685e-07,12.0461,4.685e-07,0.630684
4.695e-07,5,4.695e-07,12.0629,4.695e-07,0.631564
4.705e-07,5,4.705e-07,12.0784,4.705e-07,0.632376
4.715e-07,5,4.715e-07,12.0925,4.715e-07,0.633117
4.725e-07,5,4.725e-07,12.1053,4.725e-07,0.633785
4.735e-07,5,4.735e-07,12.1166,4.735e-07,0.634378
4.745e-07,5,4.745e-07,12.1265,4.745e-07,0.634893
4.755e-07,5,4.755e-07,12.1348,4.755e-07,0.635331
4.765e-07,5,4.765e-07,12.1417,4.765e-07,0.635692
4.775e-07,5,4.775e-07,12.1471,4.775e-07,0.635975
4.785e-07,5,4.785e-07,12.1511,4.785e-07,0.636181
4.795e-07,5,4.795e-07,12.1536,4.795e-07,0.636313
4.805e-07,5,4.805e-07,12.1547,4.805e-07,0.636371
4.815e-07,5,4.815e-07,12.1545,4.815e-07,0.63636
4.825e-07,5,4.825e-07,12.153,4.825e-07,0.63628
4.835e-07,5,4.835e-07,12.1502,4.835e-07,0.636137
4.845e-07,5,4.845e-07,12.1463,4.845e-07,0.635933
4.855e-07,5,4.855e-07,12.1414,4.855e-07,0.635673
4.865e-07,5,4.865e-07,12.1354,4.865e-07,0.63536
4.875e-07,5,4.875e-07,12.1285,4.875e-07,0.635
4.885e-07,5,4.885e-07,12.1208,4.885e-07,0.634597
4.895e-07,5,4.895e-07,12.1124,4.895e-07,0.634156
4.905e-07,5,4.905e-07,12.1033,4.905e-07,0.633682
4.915e-07,5,4.915e-07,12.0937,4.915e-07,0.63318
4.925e-07,5,4.925e-07,12.0837,4.925e-07,0.632655
4.935e-07,5,4.935e-07,12.0733,4.935e-07,0.632112
4.945e-07,5,4.945e-07,12.0627,4.945e-07,0.631556
4.955e-07,5,4.955e-07,12.0519,4.955e-07,0.630992
4.965e-07,5,4.965e-07,12.0411,4.965e-07,0.630425
4.975e-07,5,4.975e-07,12.0303,4.975e-07,0.62986
4.985e-07,5,4.985e-07,12.0196,4.985e-07,0.629301
4.995e-07,5,4.995e-07,12.0092,4.995e-07,0.628752
5.005e-07,5,5.005e-07,11.999,5.005e-07,0.628218
5.015e-07,5,5.015e-07,11.9891,5.015e-07,0.627703
5.025e-07,5,5.025e-07,11.9797,5.025e-07,0.62721
5.035e-07,5,5.035e-07,11.9708,5.035e-07,0.626742
5.045e-07,5,5.045e-07,11.9624,5.045e-07,0.626302
5.055e-07,5,5.055e-07,11.9546,5.055e-07,0.625894
5.065e-07,5,5.065e-07,11.9474,5.065e-07,0.625518
5.075e-07,5,5.075e-07,11.9409,5.075e-07,0.625179
5.085e-07,5,5.085e-07,11.9351,5.085e-07,0.624876
5.095e-07,5,5.095e-07,11.9301,5.095e-07,0.624612
5.105e-07,5,5.105e-07,11.9258,5.105e-07,0.624387
5.115e-07,5,5.115e-07,11.9222,5.115e-07,0.624201
5.125e-07,5,5.125e-07,11.9195,5.125e-07,0.624056
5.135e-07,5,5.135e-07,11.9175,5.135e-07,0.62395
5.145e-07,5,5.145e-07,11.9162,5.145e-07,0.623884
5.155e-07,5,5.155e-07,11.9157,5.155e-07,0.623857
5.165e-07,5,5.165e-07,11.9158,5.165e-07,0.623866
5.175e-07,5,5.175e-07,11.9167,5.175e-07,0.623912
5.185e-07,5,5.185e-07,11.9182,5.185e-07,0.623992
5.195e-07,5,5.195e-07,11.9204,5.195e-07,0.624104
5.205e-07,5,5.205e-07,11.9231,5.205e-07,0.624247
5.215e-07,5,5.215e-07,11.9264,5.215e-07,0.624417
5.225e-07,5,5.225e-07,11.9301,5.225e-07,0.624613
5.235e-07,5,5.235e-07,11.9343,5.235e-07,0.624831
5.245e-07,5,5.245e-07,11.9388,5.245e-07,0.625069
5.255e-07,5,5.255e-07,11.9437,5.255e-07,0.625325
5.265e-07,5,5.265e-07,11.9489,5.265e-07,0.625595
5.275e-07,5,5.275e-07,11.9542,5.275e-07,0.625876
5.285e-07,5,5.285e-07,11.9598,5.285e-07,0.626166
5.295e-07,5,5.295e-07,11.9654,5.295e-07,0.626461
5.305e-07,5,5.305e-07,11.9711,5.305e-07,0.626759
5.315e-07,5,5.315e-07,11.9768,5.315e-07,0.627058
5.325e-07,5,5.325e-07,11.9825,5.325e-07,0.627354
5.335e-07,5,5.335e-07,11.988,5.335e-07,0.627646
5.345e-07,5,5.345e-07,11.9935,5.345e-07,0.62793
5.355e-07,5,5.355e-07,11.9987,5.355e-07,0.628205
5.365e-07,5,5.365e-07,12.0038,5.365e-07,0.628469
5.375e-07,5,5.375e-07,12.0085,5.375e-07,0.62872
5.385e-07,5,5.385e-07,12.013,5.385e-07,0.628955
5.395e-07,5,5.395e-07,12.0172,5.395e-07,0.629175
5.405e-07,5,5.405e-07,12.0211,5.405e-07,0.629377
5.415e-07,5,5.415e-07,12.0246,5.415e-07,0.629561
5.425e-07,5,5.425e-07,12.0278,5.425e-07,0.629726
5.435e-07,5,5.435e-07,12.0305,5.435e-07,0.62987
5.445e-07,5,5.445e-07,12.0329,5.445e-07,0.629995
5.455e-07,5,5.455e-07,12.0349,5.455e-07,0.630098
5.465e-07,5,5.465e-07,12.0365,5.465e-07,0.630181
5.475e-07,5,5.475e-07,12.0376,5.475e-07,0.630243
5.485e-07,5,5.485e-07,12.0384,5.485e-07,0.630285
5.495e-07,5,5.495e-07,12.0389,5.495e-07,0.630308
5.505e-07,5,5.505e-07,12.0389,5.505e-07,0.63031
5.515e-07,5,5.515e-07,12.0386,5.515e-07,0.630295
5.525e-07,5,5.525e-07,12.038,5.525e-07,0.630262
5.535e-07,5,5.535e-07,12.037,5.535e-07,0.630212
5.545e-07,5,5.545e-07,12.0358,5.545e-07,0.630146
5.555e-07,5,5.555e-07,12.0343,5.555e-07,0.630066
5.565e-07,5,5.565e-07,12.0325,5.565e-07,0.629973
5.575e-07,5,5.575e-07,12.0305,5.575e-07,0.629868
5.585e-07,5,5.585e-07,12.0283,5.585e-07,0.629753
5.595e-07,5,5.595e-07,12.0259,5.595e-07,0.629628
5.605e-07,5,5.605e-07,12.0234,5.605e-07,0.629495
5.615e-07,5,5.615e-07,12.0207,5.615e-07,0.629356
5.625e-07,5,5.625e-07,12.018,5.625e-07,0.629213
5.635e-07,5,5.635e-07,12.0152,5.635e-07,0.629065
5.645e-07,5,5.645e-07,12.0123,5.645e-07,0.628916
5.655e-07,5,5.655e-07,12.0094,5.655e-07,0.628766
5.665e-07,5,5.665e-07,12.0066,5.665e-07,0.628616
5.675e-07,5,5.675e-07,12.0037,5.675e-07,0.628468
5.685e-07,5,5.685e-07,12.001,5.685e-07,0.628323
5.695e-07,5,5.695e-07,11.9983,5.695e-07,0.628182
5.705e-07,5,5.705e-07,11.9957,5.705e-07,0.628047
5.715e-07,5,5.715e-07,11.9932,5.715e-07,0.627917
5.725e-07,5,5.725e-07,11.9909,5.725e-07,0.627794
5.735e-07,5,5.735e-07,11.9887,5.735e-07,0.627679
5.745e-07,5,5.745e-07,11.9866,5.745e-07,0.627572
5.755e-07,5,5.755e-07,11.9848,5.755e-07,0.627474
5.765e-07,5,5.765e-07,11.9831,5.765e-07,0.627386
5.775e-07,5,5.775e-07,11.9816,5.775e-07,0.627307
5.785e-07,5,5.785e-07,11.9803,5.785e-07,0.627239
5.795e-07,5,5.795e-07,11.9791,5.795e-07,0.627181
5.805e-07,5,5.805e-07,11.9782,5.805e-07,0.627133
5.815e-07,5,5.815e-07,11.9775,5.815e-07,0.627096
5.825e-07,5,5.825e-07,11.977,5.825e-07,0.627069
5.835e-07,5,5.835e-07,11.9767,5.835e-07,0.627052
5.845e-07,5,5.845e-07,11.9766,5.845e-07,0.627045
5.855e-07,5,5.855e-07,11.9766,5.855e-07,0.627048
5.865e-07,5,5.865e-07,11.9768,5.865e-07,0.62706
5.875e-07,5,5.875e-07,11.9772,5.875e-07,0.627081
5.885e-07,5,5.885e-07,11.9778,5.885e-07,0.62711
5.895e-07,5,5.895e-07,11.9785,5.895e-07,0.627147
5.905e-07,5,5.905e-07,11.9793,5.905e-07,0.62719
5.915e-07,5,5.915e-07,11.9803,5.915e-07,0.62724
5.925e-07,5,5.925e-07,11.9814,5.925e-07,0.627296
5.935e-07,5,5.935e-07,11.9825,5.935e-07,0.627357
5.945e-07,5,5.945e-07,11.9838,5.945e-07,0.627422
5.955e-07,5,5.955e-07,11.9851,5.955e-07,0.627491
5.965e-07,5,5.965e-07,11.9864,5.965e-07,0.627563
5.975e-07,5,5.975e-07,11.9879,5.975e-07,0.627636
5.985e-07,5,5.985e-07,11.9893,5.985e-07,0.627711
5.995e-07,5,5.995e-07,11.9907,5.995e-07,0.627787
6.005e-07,5,6.005e-07,11.9922,6.005e-07,0.627863
6.015e-07,5,6.015e-07,11.9936,6.015e-07,0.627938
6.025e-07,5,6.025e-07,11.995,6.025e-07,0.628012
6.035e-07,5,6.035e-07,11.9964,6.035e-07,0.628084
6.045e-07,5,6.045e-07,11.9977,6.045e-07,0.628154
6.055e-07,5,6.055e-07,11.999,6.055e-07,0.62822
6.065e-07,5,6.065e-07,12.0002,6.065e-07,0.628284
6.075e-07,5,6.075e-07,12.0014,6.075e-07,0.628343
6.085e-07,5,6.085e-07,12.0024,6.085e-07,0.628399
6.095e-07,5,6.095e-07,12.0034,6.095e-07,0.62845
6.105e-07,5,6.105e-07,12.0043,6.105e-07,0.628497
6.115e-07,5,6.115e-07,12.0051,6.115e-07,0.628538
6.125e-07,5,6.125e-07,12.0058,6.125e-07,0.628575
6.135e-07,5,6.135e-07,12.0064,6.135e-07,0.628606
6.145e-07,5,6.145e-07,12.0069,6.145e-07,0.628632
6.155e-07,5,6.155e-07,12.0073,6.155e-07,0.628653
6.165e-07,5,6.165e-07,12.0076,6.165e-07,0.628669
6.175e-07,5,6.175e-07,12.0078,6.175e-07,0.628679
6.185e-07,5,6.185e-07,12.0079,6.185e-07,0.628685
6.195e-07,5,6.195e-07,12.0079,6.195e-07,0.628685
6.205e-07,5,6.205e-07,12.0078,6.205e-07,0.628681
6.215e-07,5,6.215e-07,12.0077,6.215e-07,0.628673
6.225e-07,5,6.225e-07,12.0074,6.225e-07,0.62866
6.235e-07,5,6.235e-07,12.0071,6.235e-07,0.628643
6.245e-07,5,6.245e-07,12.0067,6.245e-07,0.628623
6.255e-07,5,6.255e-07,12.0062,6.255e-07,0.628599
6.265e-07,5,6.265e-07,12.0057,6.265e-07,0.628573
6.275e-07,5,6.275e-07,12.0052,6.275e-07,0.628543
6.285e-07,5,6.285e-07,12.0046,6.285e-07,0.628512
6.295e-07,5,6.295e-07,12.0039,6.295e-07,0.628478
6.305e-07,5,6.305e-07,12.0033,6.305e-07,0.628443
6.315e-07,5,6.315e-07,12.0026,6.315e-07,0.628407
6.325e-07,5,6.325e-07,12.0019,6.325e-07,0.62837
6.335e-07,5,6.335e-07,12.0011,6.335e-07,0.628332
6.345e-07,5,6.345e-07,12.0004,6.345e-07,0.628294
6.355e-07,5,6.355e-07,11.9997,6.355e-07,0.628257
6.365e-07,5,6.365e-07,11.999,6.365e-07,0.62822
6.375e-07,5,6.375e-07,11.9983,6.375e-07,0.628183
6.385e-07,5,6.385e-07,11.9976,6.385e-07,0.628148
6.395e-07,5,6.395e-07,11.997,6.395e-07,0.628114
6.405e-07,5,6.405e-07,11.9964,6.405e-07,0.628081
6.415e-07,5,6.415e-07,11.9958,6.415e-07,0.628051
6.425e-07,5,6.425e-07,11.9952,6.425e-07,0.628022
6.435e-07,5,6.435e-07,11.9947,6.435e-07,0.627995
6.445e-07,5,6.445e-07,11.9942,6.445e-07,0.627971
6.455e-07,5,6.455e-07,11.9938,6.455e-07,0.627949
6.465e-07,5,6.465e-07,11.9935,6.465e-07,0.62793
6.475e-07,5,6.475e-07,11.9931,6.475e-07,0.627913
6.485e-07,5,6.485e-07,11.9929,6.485e-07,0.627899
6.495e-07,5,6.495e-07,11.9926,6.495e-07,0.627887
6.505e-07,5,6.505e-07,11.9925,6.505e-07,0.627878
6.515e-07,5,6.515e-07,11.9923,6.515e-07,0.627872
6.525e-07,5,6.525e-07,11.9923,6.525e-07,0.627868
6.535e-07,5,6.535e-07,11.9922,6.535e-07,0.627866
6.545e-07,5,6.545e-07,11.9923,6.545e-07,0.627867
6.555e-07,5,6.555e-07,11.9923,6.555e-07,0.62787
6.565e-07,5,6.565e-07,11.9924,6.565e-07,0.627876
6.575e-07,5,6.575e-07,11.9926,6.575e-07,0.627883
6.585e-07,5,6.585e-07,11.9927,6.585e-07,0.627893
6.595e-07,5,6.595e-07,11.993,6.595e-07,0.627904
6.605e-07,5,6.605e-07,11.9932,6.605e-07,0.627916
6.615e-07,5,6.615e-07,11.9935,6.615e-07,0.62793
6.625e-07,5,6.625e-07,11.9938,6.625e-07,0.627946
6.635e-07,5,6.635e-07,11.9941,6.635e-07,0.627962
6.645e-07,5,6.645e-07,11.9944,6.645e-07,0.627979
6.655e-07,5,6.655e-07,11.9947,6.655e-07,0.627997
6.665e-07,5,6.665e-07,11.9951,6.665e-07,0.628015
6.675e-07,5,6.675e-07,11.9954,6.675e-07,0.628034
6.685e-07,5,6.685e-07,11.9958,6.685e-07,0.628053
6.695e-07,5,6.695e-07,11.9962,6.695e-07,0.628072
6.705e-07,5,6.705e-07,11.9965,6.705e-07,0.62809
6.715e-07,5,6.715e-07,11.9969,6.715e-07,0.628109
6.725e-07,5,6.725e-07,11.9972,6.725e-07,0.628126
6.735e-07,5,6.735e-07,11.9975,6.735e-07,0.628144
6.745e-07,5,6.745e-07,11.9979,6.745e-07,0.62816
6.755e-07,5,6.755e-07,11.9982,6.755e-07,0.628176
6.765e-07,5,6.765e-07,11.9984,6.765e-07,0.628191
6.775e-07,5,6.775e-07,11.9987,6.775e-07,0.628204
6.785e-07,5,6.785e-07,11.9989,6.785e-07,0.628217
6.795e-07,5,6.795e-07,11.9992,6.795e-07,0.628228
6.805e-07,5,6.805e-07,11.9994,6.805e-07,0.628239
6.815e-07,5,6.815e-07,11.9995,6.815e-07,0.628247
6.825e-07,5,6.825e-07,11.9997,6.825e-07,0.628255
6.835e-07,5,6.835e-07,11.9998,6.835e-07,0.628262
6.845e-07,5,6.845e-07,11.9999,6.845e-07,0.628267
6.855e-07,5,6.855e-07,12,6.855e-07,0.62827
6.865e-07,5,6.865e-07,12,6.865e-07,0.628273
6.875e-07,5,6.875e-07,12,6.875e-07,0.628274
6.885e-07,5,6.885e-07,12,6.885e-07,0.628274
6.895e-07,5,6.895e-07,12,6.895e-07,0.628273
6.905e-07,5,6.905e-07,12,6.905e-07,0.628271
6.915e-07,5,6.915e-07,11.9999,6.915e-07,0.628268
6.925e-07,5,6.925e-07,11.9998,6.925e-07,0.628263
6.935e-07,5,6.935e-07,11.9997,6.935e-07,0.628258
6.945e-07,5,6.945e-07,11.9996,6.945e-07,0.628252
6.955e-07,5,6.955e-07,11.9995,6.955e-07,0.628246
6.965e-07,5,6.965e-07,11.9994,6.965e-07,0.628238
6.975e-07,5,6.975e-07,11.9992,6.975e-07,0.62823
6.985e-07,5,6.985e-07,11.999,6.985e-07,0.628222
6.995e-07,5,6.995e-07,11.9989,6.995e-07,0.628213
7.005e-07,5,7.005e-07,11.9987,7.005e-07,0.628204
7.015e-07,5,7.015e-07,11.9985,7.015e-07,0.628195
7.025e-07,5,7.025e-07,11.9983,7.025e-07,0.628186
7.035e-07,5,7.035e-07,11.9982,7.035e-07,0.628176
7.045e-07,5,7.045e-07,11.998,7.045e-07,0.628167
7.055e-07,5,7.055e-07,11.9978,7.055e-07,0.628158
7.065e-07,5,7.065e-07,11.9976,7.065e-07,0.628149
7.075e-07,5,7.075e-07,11.9975,7.075e-07,0.62814
7.085e-07,5,7.085e-07,11.9973,7.085e-07,0.628132
7.095e-07,5,7.095e-07,11.9972,7.095e-07,0.628124
7.105e-07,5,7.105e-07,11.997,7.105e-07,0.628116
7.115e-07,5,7.115e-07,11.9969,7.115e-07,0.628109
7.125e-07,5,7.125e-07,11.9968,7.125e-07,0.628103
7.135e-07,5,7.135e-07,11.9966,7.135e-07,0.628097
7.145e-07,5,7.145e-07,11.9965,7.145e-07,0.628091
7.155e-07,5,7.155e-07,11.9965,7.155e-07,0.628087
7.165e-07,5,7.165e-07,11.9964,7.165e-07,0.628083
7.175e-07,5,7.175e-07,11.9963,7.175e-07,0.628079
7.185e-07,5,7.185e-07,11.9963,7.185e-07,0.628076
7.195e-07,5,7.195e-07,11.9962,7.195e-07,0.628074
7.205e-07,5,7.205e-07,11.9962,7.205e-07,0.628073
7.215e-07,5,7.215e-07,11.9962,7.215e-07,0.628072
7.225e-07,5,7.225e-07,11.9962,7.225e-07,0.628071
7.235e-07,5,7.235e-07,11.9962,7.235e-07,0.628072
7.245e-07,5,7.245e-07,11.9962,7.245e-07,0.628073
7.255e-07,5,7.255e-07,11.9962,7.255e-07,0.628074
7.265e-07,5,7.265e-07,11.9962,7.265e-07,0.628076
7.275e-07,5,7.275e-07,11.9963,7.275e-07,0.628078
7.285e-07,5,7.285e-07,11.9963,7.285e-07,0.628081
7.295e-07,5,7.295e-07,11.9964,7.295e-07,0.628084
7.305e-07,5,7.305e-07,11.9965,7.305e-07,0.628088
7.315e-07,5,7.315e-07,11.9965,7.315e-07,0.628091
7.325e-07,5,7.325e-07,11.9966,7.325e-07,0.628095
7.335e-07,5,7.335e-07,11.9967,7.335e-07,0.6281
7.345e-07,5,7.345e-07,11.9968,7.345e-07,0.628104
7.355e-07,5,7.355e-07,11.9969,7.355e-07,0.628109
7.365e-07,5,7.365e-07,11.997,7.365e-07,0.628113
7.375e-07,5,7.375e-07,11.9971,7.375e-07,0.628118
7.385e-07,5,7.385e-07,11.9971,7.385e-07,0.628122
7.395e-07,5,7.395e-07,11.9972,7.395e-07,0.628127
7.405e-07,5,7.405e-07,11.9973,7.405e-07,0.628132
7.415e-07,5,7.415e-07,11.9974,7.415e-07,0.628136
7.425e-07,5,7.425e-07,11.9975,7.425e-07,0.62814
7.435e-07,5,7.435e-07,11.9976,7.435e-07,0.628144
7.445e-07,5,7.445e-07,11.9976,7.445e-07,0.628148
7.455e-07,5,7.455e-07,11.9977,7.455e-07,0.628152
7.465e-07,5,7.465e-07,11.9978,7.465e-07,0.628155
7.475e-07,5,7.475e-07,11.9978,7.475e-07,0.628158
7.485e-07,5,7.485e-07,11.9979,7.485e-07,0.628161
7.495e-07,5,7.495e-07,11.9979,7.495e-07,0.628163
7.505e-07,5,7.505e-07,11.998,7.505e-07,0.628166
7.515e-07,5,7.515e-07,11.998,7.515e-07,0.628167
7.525e-07,5,7.525e-07,11.998,7.525e-07,0.628169
7.535e-07,5,7.535e-07,11.9981,7.535e-07,0.62817
7.545e-07,5,7.545e-07,11.9981,7.545e-07,0.628171
7.555e-07,5,7.555e-07,11.9981,7.555e-07,0.628172
7.565e-07,5,7.565e-07,11.9981,7.565e-07,0.628172
7.575e-07,5,7.575e-07,11.9981,7.575e-07,0.628172
7.585e-07,5,7.585e-07,11.9981,7.585e-07,0.628172
7.595e-07,5,7.595e-07,11.9981,7.595e-07,0.628171
7.605e-07,5,7.605e-07,11.9981,7.605e-07,0.62817
7.615e-07,5,7.615e-07,11.998,7.615e-07,0.628169
7.625e-07,5,7.625e-07,11.998,7.625e-07,0.628168
7.635e-07,5,7.635e-07,11.998,7.635e-07,0.628167
7.645e-07,5,7.645e-07,11.9979,7.645e-07,0.628165
7.655e-07,5,7.655e-07,11.9979,7.655e-07,0.628163
7.665e-07,5,7.665e-07,11.9979,7.665e-07,0.628161
7.675e-07,5,7.675e-07,11.9978,7.675e-07,0.628159
7.685e-07,5,7.685e-07,11.9978,7.685e-07,0.628157
7.695e-07,5,7.695e-07,11.9978,7.695e-07,0.628155
7.705e-07,5,7.705e-07,11.9977,7.705e-07,0.628152
7.715e-07,5,7.715e-07,11.9977,7.715e-07,0.62815
7.725e-07,5,7.725e-07,11.9976,7.725e-07,0.628148
7.735e-07,5,7.735e-07,11.9976,7.735e-07,0.628145
7.745e-07,5,7.745e-07,11.9975,7.745e-07,0.628143
7.755e-07,5,7.755e-07,11.9975,7.755e-07,0.628141
7.765e-07,5,7.765e-07,11.9975,7.765e-07,0.628139
7.775e-07,5,7.775e-07,11.9974,7.775e-07,0.628137
7.785e-07,5,7.785e-07,11.9974,7.785e-07,0.628135
7.795e-07,5,7.795e-07,11.9973,7.795e-07,0.628133
7.805e-07,5,7.805e-07,11.9973,7.805e-07,0.628131
7.815e-07,5,7.815e-07,11.9973,7.815e-07,0.62813
7.825e-07,5,7.825e-07,11.9972,7.825e-07,0.628128
7.835e-07,5,7.835e-07,11.9972,7.835e-07,0.628127
7.845e-07,5,7.845e-07,11.9972,7.845e-07,0.628126
7.855e-07,5,7.855e-07,11.9972,7.855e-07,0.628125
7.865e-07,5,7.865e-07,11.9972,7.865e-07,0.628124
7.875e-07,5,7.875e-07,11.9972,7.875e-07,0.628123
7.885e-07,5,7.885e-07,11.9971,7.885e-07,0.628123
7.895e-07,5,7.895e-07,11.9971,7.895e-07,0.628122
7.905e-07,5,7.905e-07,11.9971,7.905e-07,0.628122
7.915e-07,5,7.915e-07,11.9971,7.915e-07,0.628122
7.925e-07,5,7.925e-07,11.9971,7.925e-07,0.628122
7.935e-07,5,7.935e-07,11.9971,7.935e-07,0.628122
7.945e-07,5,7.945e-07,11.9971,7.945e-07,0.628123
7.955e-07,5,7.955e-07,11.9972,7.955e-07,0.628123
7.965e-07,5,7.965e-07,11.9972,7.965e-07,0.628124
7.975e-07,5,7.975e-07,11.9972,7.975e-07,0.628124
7.985e-07,5,7.985e-07,11.9972,7.985e-07,0.628125
7.995e-07,5,7.995e-07,11.9972,7.995e-07,0.628126
8.005e-07,5,8.005e-07,11.9972,8.005e-07,0.628127
8.015e-07,5,8.015e-07,11.9972,8.015e-07,0.628128
8.025e-07,5,8.025e-07,11.9973,8.025e-07,0.628129
8.035e-07,5,8.035e-07,11.9973,8.035e-07,0.62813
8.045e-07,5,8.045e-07,11.9973,8.045e-07,0.628131
8.055e-07,5,8.055e-07,11.9973,8.055e-07,0.628132
8.065e-07,5,8.065e-07,11.9974,8.065e-07,0.628134
8.075e-07,5,8.075e-07,11.9974,8.075e-07,0.628135
8.085e-07,5,8.085e-07,11.9974,8.085e-07,0.628136
8.095e-07,5,8.095e-07,11.9974,8.095e-07,0.628137
8.105e-07,5,8.105e-07,11.9974,8.105e-07,0.628138
8.115e-07,5,8.115e-07,11.9975,8.115e-07,0.628139
8.125e-07,5,8.125e-07,11.9975,8.125e-07,0.62814
8.135e-07,5,8.135e-07,11.9975,8.135e-07,0.628141
8.145e-07,5,8.145e-07,11.9975,8.145e-07,0.628142
8.155e-07,5,8.155e-07,11.9975,8.155e-07,0.628143
8.165e-07,5,8.165e-07,11.9975,8.165e-07,0.628143
8.175e-07,5,8.175e-07,11.9976,8.175e-07,0.628144
8.185e-07,5,8.185e-07,11.9976,8.185e-07,0.628145
8.195e-07,5,8.195e-07,11.9976,8.195e-07,0.628145
8.205e-07,5,8.205e-07,11.9976,8.205e-07,0.628146
8.215e-07,5,8.215e-07,11.9976,8.215e-07,0.628146
8.225e-07,5,8.225e-07,11.9976,8.225e-07,0.628146
8.235e-07,5,8.235e-07,11.9976,8.235e-07,0.628147
8.245e-07,5,8.245e-07,11.9976,8.245e-07,0.628147
8.255e-07,5,8.255e-07,11.9976,8.255e-07,0.628147
8.265e-07,5,8.265e-07,11.9976,8.265e-07,0.628147
8.275e-07,5,8.275e-07,11.9976,8.275e-07,0.628147
8.285e-07,5,8.285e-07,11.9976,8.285e-07,0.628147
8.295e-07,5,8.295e-07,11.9976,8.295e-07,0.628146
8.305e-07,5,8.305e-07,11.9976,8.305e-07,0.628146
8.315e-07,5,8.315e-07,11.9976,8.315e-07,0.628146
8.325e-07,5,8.325e-07,11.9976,8.325e-07,0.628145
8.335e-07,5,8.335e-07,11.9976,8.335e-07,0.628145
8.345e-07,5,8.345e-07,11.9976,8.345e-07,0.628145
8.355e-07,5,8.355e-07,11.9976,8.355e-07,0.628144
8.365e-07,5,8.365e-07,11.9975,8.365e-07,0.628144
8.375e-07,5,8.375e-07,11.9975,8.375e-07,0.628143
8.385e-07,5,8.385e-07,11.9975,8.385e-07,0.628142
8.395e-07,5,8.395e-07,11.9975,8.395e-07,0.628142
8.405e-07,5,8.405e-07,11.9975,8.405e-07,0.628141
8.415e-07,5,8.415e-07,11.9975,8.415e-07,0.628141
8.425e-07,5,8.425e-07,11.9975,8.425e-07,0.62814
8.435e-07,5,8.435e-07,11.9975,8.435e-07,0.62814
8.445e-07,5,8.445e-07,11.9975,8.445e-07,0.628139
8.455e-07,5,8.455e-07,11.9974,8.455e-07,0.628139
8.465e-07,5,8.465e-07,11.9974,8.465e-07,0.628138
8.475e-07,5,8.475e-07,11.9974,8.475e-07,0.628138
8.485e-07,5,8.485e-07,11.9974,8.485e-07,0.628137
8.495e-07,5,8.495e-07,11.9974,8.495e-07,0.628137
8.505e-07,5,8.505e-07,11.9974,8.505e-07,0.628136
8.515e-07,5,8.515e-07,11.9974,8.515e-07,0.628136
8.525e-07,5,8.525e-07,11.9974,8.525e-07,0.628136
8.535e-07,5,8.535e-07,11.9974,8.535e-07,0.628135
8.545e-07,5,8.545e-07,11.9974,8.545e-07,0.628135
8.555e-07,5,8.555e-07,11.9974,8.555e-07,0.628135
8.565e-07,5,8.565e-07,11.9974,8.565e-07,0.628135
8.575e-07,5,8.575e-07,11.9974,8.575e-07,0.628135
8.585e-07,5,8.585e-07,11.9974,8.585e-07,0.628135
8.595e-07,5,8.595e-07,11.9974,8.595e-07,0.628134
8.605e-07,5,8.605e-07,11.9974,8.605e-07,0.628134
8.615e-07,5,8.615e-07,11.9974,8.615e-07,0.628134
8.625e-07,5,8.625e-07,11.9974,8.625e-07,0.628135
8.635e-07,5,8.635e-07,11.9974,8.635e-07,0.628135
8.645e-07,5,8.645e-07,11.9974,8.645e-07,0.628135
8.655e-07,5,8.655e-07,11.9974,8.655e-07,0.628135
8.665e-07,5,8.665e-07,11.9974,8.665e-07,0.628135
8.675e-07,5,8.675e-07,11.9974,8.675e-07,0.628135
8.685e-07,5,8.685e-07,11.9974,8.685e-07,0.628135
8.695e-07,5,8.695e-07,11.9974,8.695e-07,0.628136
8.705e-07,5,8.705e-07,11.9974,8.705e-07,0.628136
8.715e-07,5,8.715e-07,11.9974,8.715e-07,0.628136
8.725e-07,5,8.725e-07,11.9974,8.725e-07,0.628136
8.735e-07,5,8.735e-07,11.9974,8.735e-07,0.628137
8.745e-07,5,8.745e-07,11.9974,8.745e-07,0.628137
8.755e-07,5,8.755e-07,11.9974,8.755e-07,0.628137
8.765e-07,5,8.765e-07,11.9974,8.765e-07,0.628138
8.775e-07,5,8.775e-07,11.9974,8.775e-07,0.628138
8.785e-07,5,8.785e-07,11.9974,8.785e-07,0.628138
8.795e-07,5,8.795e-07,11.9974,8.795e-07,0.628138
8.805e-07,5,8.805e-07,11.9974,8.805e-07,0.628139
8.815e-07,5,8.815e-07,11.9975,8.815e-07,0.628139
8.825e-07,5,8.825e-07,11.9975,8.825e-07,0.628139
8.835e-07,5,8.835e-07,11.9975,8.835e-07,0.628139
8.845e-07,5,8.845e-07,11.9975,8.845e-07,0.62814
8.855e-07,5,8.855e-07,11.9975,8.855e-07,0.62814
8.865e-07,5,8.865e-07,11.9975,8.865e-07,0.62814
8.875e-07,5,8.875e-07,11.9975,8.875e-07,0.62814
8.885e-07,5,8.885e-07,11.9975,8.885e-07,0.62814
8.895e-07,5,8.895e-07,11.9975,8.895e-07,0.62814
8.905e-07,5,8.905e-07,11.9975,8.905e-07,0.62814
8.915e-07,5,8.915e-07,11.9975,8.915e-07,0.62814
8.925e-07,5,8.925e-07,11.9975,8.925e-07,0.62814
8.935e-07,5,8.935e-07,11.9975,8.935e-07,0.62814
8.945e-07,5,8.945e-07,11.9975,8.945e-07,0.62814
8.955e-07,5,8.955e-07,11.9975,8.955e-07,0.62814
8.965e-07,5,8.965e-07,11.9975,8.965e-07,0.62814
8.975e-07,5,8.975e-07,11.9975,8.975e-07,0.62814
8.985e-07,5,8.985e-07,11.9975,8.985e-07,0.62814
8.995e-07,5,8.995e-07,11.9975,8.995e-07,0.62814
9.005e-07,5,9.005e-07,11.9975,9.005e-07,0.62814
9.015e-07,5,9.015e-07,11.9975,9.015e-07,0.62814
9.025e-07,5,9.025e-07,11.9975,9.025e-07,0.62814
9.035e-07,5,9.035e-07,11.9975,9.035e-07,0.62814
9.045e-07,5,9.045e-07,11.9975,9.045e-07,0.62814
9.055e-07,5,9.055e-07,11.9975,9.055e-07,0.62814
9.065e-07,5,9.065e-07,11.9975,9.065e-07,0.62814
9.075e-07,5,9.075e-07,11.9975,9.075e-07,0.628139
9.085e-07,5,9.085e-07,11.9975,9.085e-07,0.628139
9.095e-07,5,9.095e-07,11.9975,9.095e-07,0.628139
9.105e-07,5,9.105e-07,11.9975,9.105e-07,0.628139
9.115e-07,5,9.115e-07,11.9975,9.115e-07,0.628139
9.125e-07,5,9.125e-07,11.9974,9.125e-07,0.628139
9.135e-07,5,9.135e-07,11.9974,9.135e-07,0.628139
9.145e-07,5,9.145e-07,11.9974,9.145e-07,0.628138
9.155e-07,5,9.155e-07,11.9974,9.155e-07,0.628138
9.165e-07,5,9.165e-07,11.9974,9.165e-07,0.628138
9.175e-07,5,9.175e-07,11.9974,9.175e-07,0.628138
9.185e-07,5,9.185e-07,11.9974,9.185e-07,0.628138
9.195e-07,5,9.195e-07,11.9974,9.195e-07,0.628138
9.205e-07,5,9.205e-07,11.9974,9.205e-07,0.628138
9.215e-07,5,9.215e-07,11.9974,9.215e-07,0.628138
9.225e-07,5,9.225e-07,11.9974,9.225e-07,0.628138
9.235e-07,5,9.235e-07,11.9974,9.235e-07,0.628138
9.245e-07,5,9.245e-07,11.9974,9.245e-07,0.628138
9.255e-07,5,9.255e-07,11.9974,9.255e-07,0.628137
9.265e-07,5,9.265e-07,11.9974,9.265e-07,0.628137
9.275e-07,5,9.275e-07,11.9974,9.275e-07,0.628137
9.285e-07,5,9.285e-07,11.9974,9.285e-07,0.628137
9.295e-07,5,9.295e-07,11.9974,9.295e-07,0.628137
9.305e-07,5,9.305e-07,11.9974,9.305e-07,0.628137
9.315e-07,5,9.315e-07,11.9974,9.315e-07,0.628137
9.325e-07,5,9.325e-07,11.9974,9.325e-07,0.628137
9.335e-07,5,9.335e-07,11.9974,9.335e-07,0.628137
9.345e-07,5,9.345e-07,11.9974,9.345e-07,0.628138
9.355e-07,5,9.355e-07,11.9974,9.355e-07,0.628138
9.365e-07,5,9.365e-07,11.9974,9.365e-07,0.628138
9.375e-07,5,9.375e-07,11.9974,9.375e-07,0.628138
9.385e-07,5,9.385e-07,11.9974,9.385e-07,0.628138
9.395e-07,5,9.395e-07,11.9974,9.395e-07,0.628138
9.405e-07,5,9.405e-07,11.9974,9.405e-07,0.628138
9.415e-07,5,9.415e-07,11.9974,9.415e-07,0.628138
9.425e-07,5,9.425e-07,11.9974,9.425e-07,0.628138
9.435e-07,5,9.435e-07,11.9974,9.435e-07,0.628138
9.445e-07,5,9.445e-07,11.9974,9.445e-07,0.628138
9.455e-07,5,9.455e-07,11.9974,9.455e-07,0.628138
9.465e-07,5,9.465e-07,11.9974,9.465e-07,0.628138
9.475e-07,5,9.475e-07,11.9974,9.475e-07,0.628138
9.485e-07,5,9.485e-07,11.9974,9.485e-07,0.628138
9.495e-07,5,9.495e-07,11.9974,9.495e-07,0.628138
9.505e-07,5,9.505e-07,11.9974,9.505e-07,0.628139
9.515e-07,5,9.515e-07,11.9974,9.515e-07,0.628139
9.525e-07,5,9.525e-07,11.9974,9.525e-07,0.628139
9.535e-07,5,9.535e-07,11.9974,9.535e-07,0.628139
9.545e-07,5,9.545e-07,11.9974,9.545e-07,0.628139
9.555e-07,5,9.555e-07,11.9974,9.555e-07,0.628139
9.565e-07,5,9.565e-07,11.9975,9.565e-07,0.628139
9.575e-07,5,9.575e-07,11.9975,9.575e-07,0.628139
9.585e-07,5,9.585e-07,11.9975,9.585e-07,0.628139
9.595e-07,5,9.595e-07,11.9975,9.595e-07,0.628139
9.605e-07,5,9.605e-07,11.9975,9.605e-07,0.628139
9.615e-07,5,9.615e-07,11.9975,9.615e-07,0.628139
9.625e-07,5,9.625e-07,11.9975,9.625e-07,0.628139
9.635e-07,5,9.635e-07,11.9975,9.635e-07,0.628139
9.645e-07,5,9.645e-07,11.9975,9.645e-07,0.628139
9.655e-07,5,9.655e-07,11.9975,9.655e-07,0.628139
9.665e-07,5,9.665e-07,11.9975,9.665e-07,0.628139
9.675e-07,5,9.675e-07,11.9975,9.675e-07,0.628139
9.685e-07,5,9.685e-07,11.9975,9.685e-07,0.628139
9.695e-07,5,9.695e-07,11.9975,9.695e-07,0.628139
9.705e-07,5,9.705e-07,11.9975,9.705e-07,0.628139
9.715e-07,5,9.715e-07,11.9975,9.715e-07,0.628139
9.725e-07,5,9.725e-07,11.9974,9.725e-07,0.628139
9.735e-07,5,9.735e-07,11.9974,9.735e-07,0.628139
9.745e-07,5,9.745e-07,11.9974,9.745e-07,0.628139
9.755e-07,5,9.755e-07,11.9974,9.755e-07,0.628139
9.765e-07,5,9.765e-07,11.9974,9.765e-07,0.628139
9.775e-07,5,9.775e-07,11.9974,9.775e-07,0.628139
9.785e-07,5,9.785e-07,11.9974,9.785e-07,0.628139
9.795e-07,5,9.795e-07,11.9974,9.795e-07,0.628139
9.805e-07,5,9.805e-07,11.9974,9.805e-07,0.628138
9.815e-07,5,9.815e-07,11.9974,9.815e-07,0.628138
9.825e-07,5,9.825e-07,11.9974,9.825e-07,0.628138
9.835e-07,5,9.835e-07,11.9974,9.835e-07,0.628138
9.845e-07,5,9.845e-07,11.9974,9.845e-07,0.628138
9.855e-07,5,9.855e-07,11.9974,9.855e-07,0.628138
9.865e-07,5,9.865e-07,11.9974,9.865e-07,0.628138
9.875e-07,5,9.875e-07,11.9974,9.875e-07,0.628138
9.885e-07,5,9.885e-07,11.9974,9.885e-07,0.628138
9.895e-07,5,9.895e-07,11.9974,9.895e-07,0.628138
9.905e-07,5,9.905e-07,11.9974,9.905e-07,0.628138
9.915e-07,5,9.915e-07,11.9974,9.915e-07,0.628138
9.925e-07,5,9.925e-07,11.9974,9.925e-07,0.628138
9.935e-07,5,9.935e-07,11.9974,9.935e-07,0.628138
9.945e-07,5,9.945e-07,11.9974,9.945e-07,0.628138
9.955e-07,5,9.955e-07,11.9974,9.955e-07,0.628138
9.965e-07,5,9.965e-07,11.9974,9.965e-07,0.628138
9.975e-07,5,9.975e-07,11.9974,9.975e-07,0.628138
9.985e-07,5,9.985e-07,11.9974,9.985e-07,0.628138
9.995e-07,5,9.995e-07,11.9974,9.995e-07,0.628138
1e-06,5,1e-06,11.9974,1e-06,0.628138
